Date,Volatility Index
2013-03-31,0
2013-04-01,5.47
2013-04-02,5.73
2013-04-03,5.52
2013-04-04,6.71
2013-04-05,6.15
2013-04-06,6.32
2013-04-07,6.26
2013-04-08,6.24
2013-04-09,7.68
2013-04-10,13.43
2013-04-11,17.83
2013-04-12,17.13
2013-04-13,17.41
2013-04-14,16.82
2013-04-15,16.41
2013-04-16,16.63
2013-04-17,18.27
2013-04-18,18.25
2013-04-19,17.83
2013-04-20,17.42
2013-04-21,17.15
2013-04-22,16.79
2013-04-23,16.56
2013-04-24,16.26
2013-04-25,16.1
2013-04-26,15.85
2013-04-27,15.64
2013-04-28,15.38
2013-04-29,15.14
2013-04-30,15.17
2013-05-01,15.46
2013-05-02,15.38
2013-05-03,15.25
2013-05-04,15.46
2013-05-05,15.39
2013-05-06,15.41
2013-05-07,15.22
2013-05-08,15
2013-05-09,14.23
2013-05-10,13.31
2013-05-11,11.33
2013-05-12,11.33
2013-05-13,10.75
2013-05-14,10.81
2013-05-15,10.71
2013-05-16,9.99
2013-05-17,7.68
2013-05-18,6.85
2013-05-19,6.69
2013-05-20,6.58
2013-05-21,6.44
2013-05-22,6.37
2013-05-23,5.98
2013-05-24,5.81
2013-05-25,5.62
2013-05-26,5.58
2013-05-27,5.5
2013-05-28,5.43
2013-05-29,5.31
2013-05-30,5.31
2013-05-31,4.29
2013-06-01,3.94
2013-06-02,3.67
2013-06-03,2.71
2013-06-04,2.68
2013-06-05,2.56
2013-06-06,2.56
2013-06-07,2.75
2013-06-08,2.75
2013-06-09,3
2013-06-10,3.09
2013-06-11,3.12
2013-06-12,3.11
2013-06-13,3.04
2013-06-14,3.07
2013-06-15,2.89
2013-06-16,2.85
2013-06-17,2.86
2013-06-18,2.95
2013-06-19,2.95
2013-06-20,2.95
2013-06-21,2.95
2013-06-22,2.81
2013-06-23,2.7
2013-06-24,2.7
2013-06-25,2.69
2013-06-26,2.66
2013-06-27,2.66
2013-06-28,2.75
2013-06-29,2.73
2013-06-30,2.74
2013-07-01,2.91
2013-07-02,3.07
2013-07-03,3.75
2013-07-04,3.82
2013-07-05,4.59
2013-07-06,4.59
2013-07-07,5.12
2013-07-08,5.13
2013-07-09,4.98
2013-07-10,5.66
2013-07-11,5.65
2013-07-12,5.68
2013-07-13,5.65
2013-07-14,5.64
2013-07-15,5.73
2013-07-16,5.74
2013-07-17,5.74
2013-07-18,5.79
2013-07-19,5.8
2013-07-20,5.81
2013-07-21,5.81
2013-07-22,5.81
2013-07-23,5.82
2013-07-24,5.82
2013-07-25,5.82
2013-07-26,5.82
2013-07-27,5.83
2013-07-28,5.76
2013-07-29,5.76
2013-07-30,5.79
2013-07-31,5.63
2013-08-01,5.59
2013-08-02,4.99
2013-08-03,4.99
2013-08-04,3.94
2013-08-05,3.91
2013-08-06,3.41
2013-08-07,3.42
2013-08-08,3.49
2013-08-09,2.38
2013-08-10,2.37
2013-08-11,2.32
2013-08-12,2.32
2013-08-13,2.35
2013-08-14,2.15
2013-08-15,2.12
2013-08-16,2.12
2013-08-17,1.75
2013-08-18,1.75
2013-08-19,1.78
2013-08-20,1.8
2013-08-21,1.96
2013-08-22,2.03
2013-08-23,2.05
2013-08-24,2.04
2013-08-25,2.1
2013-08-26,2.05
2013-08-27,2.06
2013-08-28,2.06
2013-08-29,1.99
2013-08-30,2.14
2013-08-31,2.11
2013-09-01,2.1
2013-09-02,2.11
2013-09-03,2.12
2013-09-04,2.45
2013-09-05,2.45
2013-09-06,2.59
2013-09-07,2.56
2013-09-08,2.54
2013-09-09,2.56
2013-09-10,2.56
2013-09-11,2.6
2013-09-12,2.57
2013-09-13,2.57
2013-09-14,2.57
2013-09-15,2.57
2013-09-16,2.57
2013-09-17,2.55
2013-09-18,2.51
2013-09-19,2.54
2013-09-20,2.4
2013-09-21,2.35
2013-09-22,2.34
2013-09-23,2.34
2013-09-24,2.27
2013-09-25,2.26
2013-09-26,2.09
2013-09-27,2.1
2013-09-28,2.1
2013-09-29,1.91
2013-09-30,1.87
2013-10-01,1.85
2013-10-02,3.78
2013-10-03,4.53
2013-10-04,4.44
2013-10-05,4.44
2013-10-06,4.37
2013-10-07,4.34
2013-10-08,4.33
2013-10-09,4.3
2013-10-10,4.3
2013-10-11,4.26
2013-10-12,4.26
2013-10-13,4.32
2013-10-14,4.32
2013-10-15,4.46
2013-10-16,4.56
2013-10-17,4.62
2013-10-18,4.75
2013-10-19,4.93
2013-10-20,4.93
2013-10-21,5.09
2013-10-22,5.15
2013-10-23,5.17
2013-10-24,5.33
2013-10-25,5.39
2013-10-26,5.48
2013-10-27,5.67
2013-10-28,5.67
2013-10-29,5.69
2013-10-30,5.72
2013-10-31,5.72
2013-11-01,4.38
2013-11-02,3.87
2013-11-03,3.89
2013-11-04,3.93
2013-11-05,4.01
2013-11-06,4.15
2013-11-07,4.36
2013-11-08,4.85
2013-11-09,4.83
2013-11-10,4.99
2013-11-11,5.01
2013-11-12,5.01
2013-11-13,5.27
2013-11-14,5.24
2013-11-15,5.07
2013-11-16,5.08
2013-11-17,5.34
2013-11-18,8.34
2013-11-19,9.63
2013-11-20,9.7
2013-11-21,10.19
2013-11-22,10.24
2013-11-23,10.06
2013-11-24,10.08
2013-11-25,9.97
2013-11-26,10.16
2013-11-27,10.15
2013-11-28,10.14
2013-11-29,10.07
2013-11-30,10.12
2013-12-01,10.73
2013-12-02,10.72
2013-12-03,10.74
2013-12-04,10.75
2013-12-05,11.12
2013-12-06,12.02
2013-12-07,12.46
2013-12-08,12.42
2013-12-09,12.56
2013-12-10,12.49
2013-12-11,12.77
2013-12-12,12.8
2013-12-13,12.7
2013-12-14,12.77
2013-12-15,12.76
2013-12-16,13.41
2013-12-17,13.28
2013-12-18,12.02
2013-12-19,12.61
2013-12-20,12.66
2013-12-21,12.06
2013-12-22,11.9
2013-12-23,11.95
2013-12-24,11.93
2013-12-25,11.95
2013-12-26,11.72
2013-12-27,11.74
2013-12-28,11.69
2013-12-29,11.49
2013-12-30,11.49
2013-12-31,11.2
2014-01-01,11.08
2014-01-02,11.11
2014-01-03,11.02
2014-01-04,10.89
2014-01-05,10.34
2014-01-06,9.91
2014-01-07,10.07
2014-01-08,9.78
2014-01-09,9.63
2014-01-10,9.45
2014-01-11,9.5
2014-01-12,9.57
2014-01-13,9.55
2014-01-14,9.55
2014-01-15,8.8
2014-01-16,8.82
2014-01-17,7.64
2014-01-18,5.22
2014-01-19,4.76
2014-01-20,4.75
2014-01-21,4.74
2014-01-22,4.63
2014-01-23,4.63
2014-01-24,4.68
2014-01-25,4.28
2014-01-26,4.22
2014-01-27,4.47
2014-01-28,4.53
2014-01-29,4.53
2014-01-30,4.53
2014-01-31,4.49
2014-02-01,4.44
2014-02-02,4.41
2014-02-03,4.39
2014-02-04,4.05
2014-02-05,4.06
2014-02-06,3.11
2014-02-07,3.28
2014-02-08,3.31
2014-02-09,3.25
2014-02-10,3.05
2014-02-11,2.88
2014-02-12,2.91
2014-02-13,3.13
2014-02-14,3.66
2014-02-15,3.64
2014-02-16,3.72
2014-02-17,3.72
2014-02-18,3.62
2014-02-19,3.62
2014-02-20,3.97
2014-02-21,4.06
2014-02-22,4.19
2014-02-23,4.15
2014-02-24,4.5
2014-02-25,4.49
2014-02-26,4.69
2014-02-27,4.58
2014-02-28,4.62
2014-03-01,4.66
2014-03-02,4.65
2014-03-03,6.03
2014-03-04,6.03
2014-03-05,6.03
2014-03-06,6.03
2014-03-07,6.08
2014-03-08,6.08
2014-03-09,5.95
2014-03-10,5.94
2014-03-11,5.94
2014-03-12,5.94
2014-03-13,5.94
2014-03-14,5.92
2014-03-15,5.77
2014-03-16,5.46
2014-03-17,5.45
2014-03-18,5.37
2014-03-19,5.37
2014-03-20,5.41
2014-03-21,5.44
2014-03-22,5.12
2014-03-23,5.09
2014-03-24,5.1
2014-03-25,5.1
2014-03-26,4.63
2014-03-27,5.68
2014-03-28,5.52
2014-03-29,5.53
2014-03-30,5.56
2014-03-31,5.53
2014-04-01,5.62
2014-04-02,4.31
2014-04-03,4.37
2014-04-04,4.37
2014-04-05,4.45
2014-04-06,4.38
2014-04-07,4.38
2014-04-08,4.33
2014-04-09,4.33
2014-04-10,5.24
2014-04-11,6.09
2014-04-12,6.08
2014-04-13,6.07
2014-04-14,6.39
2014-04-15,6.85
2014-04-16,6.86
2014-04-17,6.94
2014-04-18,6.97
2014-04-19,7.01
2014-04-20,7
2014-04-21,7
2014-04-22,7
2014-04-23,6.94
2014-04-24,6.95
2014-04-25,7.08
2014-04-26,6.3
2014-04-27,6.31
2014-04-28,6.32
2014-04-29,6.23
2014-04-30,6.23
2014-05-01,6.18
2014-05-02,5.99
2014-05-03,5.99
2014-05-04,6
2014-05-05,5.96
2014-05-06,5.96
2014-05-07,5.96
2014-05-08,5.95
2014-05-09,5.97
2014-05-10,4.97
2014-05-11,4.2
2014-05-12,4.2
2014-05-13,4.2
2014-05-14,3.78
2014-05-15,2.93
2014-05-16,2.88
2014-05-17,2.69
2014-05-18,2.61
2014-05-19,2.41
2014-05-20,3.04
2014-05-21,3.04
2014-05-22,3.25
2014-05-23,3.26
2014-05-24,3.24
2014-05-25,3.22
2014-05-26,3.21
2014-05-27,2.97
2014-05-28,2.95
2014-05-29,2.99
2014-05-30,3.33
2014-05-31,3.32
2014-06-01,3.28
2014-06-02,3.29
2014-06-03,3.26
2014-06-04,3.39
2014-06-05,3.38
2014-06-06,3.43
2014-06-07,3.41
2014-06-08,3.39
2014-06-09,3.42
2014-06-10,3.28
2014-06-11,3.37
2014-06-12,3.62
2014-06-13,3.62
2014-06-14,3.83
2014-06-15,3.87
2014-06-16,3.87
2014-06-17,3.89
2014-06-18,3.9
2014-06-19,3.57
2014-06-20,3.58
2014-06-21,3.39
2014-06-22,3.38
2014-06-23,3.41
2014-06-24,3.07
2014-06-25,3.08
2014-06-26,3.11
2014-06-27,3.17
2014-06-28,3.16
2014-06-29,2.72
2014-06-30,2.96
2014-07-01,2.96
2014-07-02,2.81
2014-07-03,2.81
2014-07-04,2.72
2014-07-05,2.67
2014-07-06,2.65
2014-07-07,2.68
2014-07-08,2.69
2014-07-09,2.68
2014-07-10,2.68
2014-07-11,2.69
2014-07-12,2.43
2014-07-13,2.43
2014-07-14,2.2
2014-07-15,2.08
2014-07-16,2.08
2014-07-17,1.99
2014-07-18,2
2014-07-19,1.97
2014-07-20,1.96
2014-07-21,1.97
2014-07-22,1.96
2014-07-23,1.92
2014-07-24,1.95
2014-07-25,1.89
2014-07-26,1.85
2014-07-27,1.72
2014-07-28,1.72
2014-07-29,1.71
2014-07-30,1.3
2014-07-31,1.4
2014-08-01,1.43
2014-08-02,1.43
2014-08-03,1.4
2014-08-04,1.4
2014-08-05,1.38
2014-08-06,1.32
2014-08-07,1.31
2014-08-08,1.32
2014-08-09,1.31
2014-08-10,1.15
2014-08-11,1.22
2014-08-12,1.22
2014-08-13,1.36
2014-08-14,1.73
2014-08-15,1.77
2014-08-16,1.98
2014-08-17,2.06
2014-08-18,2.27
2014-08-19,2.44
2014-08-20,2.65
2014-08-21,2.67
2014-08-22,2.67
2014-08-23,2.68
2014-08-24,2.73
2014-08-25,2.74
2014-08-26,2.79
2014-08-27,2.79
2014-08-28,2.79
2014-08-29,2.75
2014-08-30,2.71
2014-08-31,2.73
2014-09-01,2.73
2014-09-02,2.74
2014-09-03,2.74
2014-09-04,2.83
2014-09-05,2.84
2014-09-06,2.83
2014-09-07,2.82
2014-09-08,2.83
2014-09-09,2.83
2014-09-10,2.83
2014-09-11,2.83
2014-09-12,2.76
2014-09-13,2.53
2014-09-14,2.49
2014-09-15,2.33
2014-09-16,2.23
2014-09-17,1.97
2014-09-18,2.2
2014-09-19,2.32
2014-09-20,2.45
2014-09-21,2.46
2014-09-22,2.45
2014-09-23,2.91
2014-09-24,2.94
2014-09-25,2.93
2014-09-26,2.94
2014-09-27,2.94
2014-09-28,3.06
2014-09-29,3.06
2014-09-30,3.1
2014-10-01,3.09
2014-10-02,3.11
2014-10-03,3.14
2014-10-04,3.34
2014-10-05,3.34
2014-10-06,3.39
2014-10-07,3.46
2014-10-08,3.62
2014-10-09,3.69
2014-10-10,3.67
2014-10-11,3.68
2014-10-12,3.81
2014-10-13,3.87
2014-10-14,3.9
2014-10-15,3.9
2014-10-16,3.92
2014-10-17,3.92
2014-10-18,3.75
2014-10-19,3.5
2014-10-20,3.44
2014-10-21,3.43
2014-10-22,3.43
2014-10-23,3.16
2014-10-24,3.13
2014-10-25,3.13
2014-10-26,3.16
2014-10-27,3.17
2014-10-28,3.01
2014-10-29,3.15
2014-10-30,3.15
2014-10-31,3.17
2014-11-01,3.18
2014-11-02,3.14
2014-11-03,2.74
2014-11-04,2.72
2014-11-05,2.72
2014-11-06,2.76
2014-11-07,2.64
2014-11-08,2.58
2014-11-09,2.74
2014-11-10,2.74
2014-11-11,2.6
2014-11-12,4.11
2014-11-13,4.15
2014-11-14,4.22
2014-11-15,4.34
2014-11-16,4.4
2014-11-17,4.39
2014-11-18,4.44
2014-11-19,4.43
2014-11-20,4.53
2014-11-21,4.53
2014-11-22,4.42
2014-11-23,4.49
2014-11-24,4.45
2014-11-25,4.44
2014-11-26,4.45
2014-11-27,4.45
2014-11-28,4.33
2014-11-29,4.3
2014-11-30,4.27
2014-12-01,4.21
2014-12-02,4.2
2014-12-03,4.24
2014-12-04,4.25
2014-12-05,4.24
2014-12-06,4.2
2014-12-07,4.17
2014-12-08,4.24
2014-12-09,4.17
2014-12-10,4.18
2014-12-11,4.19
2014-12-12,2.54
2014-12-13,2.5
2014-12-14,2.45
2014-12-15,2.23
2014-12-16,2.31
2014-12-17,2.32
2014-12-18,2.27
2014-12-19,2.31
2014-12-20,2.24
2014-12-21,2.27
2014-12-22,2.37
2014-12-23,2.22
2014-12-24,2.26
2014-12-25,2.26
2014-12-26,2.32
2014-12-27,2.39
2014-12-28,2.35
2014-12-29,2.35
2014-12-30,2.33
2014-12-31,2.45
2015-01-01,2.46
2015-01-02,2.45
2015-01-03,3.14
2015-01-04,3.2
2015-01-05,3.33
2015-01-06,3.49
2015-01-07,3.53
2015-01-08,3.59
2015-01-09,3.62
2015-01-10,3.7
2015-01-11,3.7
2015-01-12,3.71
2015-01-13,4.47
2015-01-14,5.62
2015-01-15,6.41
2015-01-16,6.41
2015-01-17,6.42
2015-01-18,6.5
2015-01-19,6.48
2015-01-20,6.48
2015-01-21,6.61
2015-01-22,6.64
2015-01-23,6.61
2015-01-24,6.75
2015-01-25,6.74
2015-01-26,6.9
2015-01-27,6.93
2015-01-28,7.22
2015-01-29,7.22
2015-01-30,7.19
2015-01-31,7.22
2015-02-01,7.3
2015-02-02,7.1
2015-02-03,7.08
2015-02-04,7.03
2015-02-05,7.01
2015-02-06,7
2015-02-07,6.98
2015-02-08,6.97
2015-02-09,6.92
2015-02-10,6.91
2015-02-11,6.91
2015-02-12,6.35
2015-02-13,5.17
2015-02-14,4.63
2015-02-15,4.9
2015-02-16,4.85
2015-02-17,4.82
2015-02-18,4.85
2015-02-19,4.84
2015-02-20,4.67
2015-02-21,4.64
2015-02-22,4.69
2015-02-23,4.55
2015-02-24,4.53
2015-02-25,4.25
2015-02-26,4.19
2015-02-27,3.87
2015-02-28,3.86
2015-03-01,3.83
2015-03-02,3.8
2015-03-03,3.73
2015-03-04,3.72
2015-03-05,3.6
2015-03-06,3.63
2015-03-07,3.47
2015-03-08,3.46
2015-03-09,3.55
2015-03-10,3.51
2015-03-11,3.47
2015-03-12,3.48
2015-03-13,3.6
2015-03-14,3.6
2015-03-15,3.47
2015-03-16,3.12
2015-03-17,2.72
2015-03-18,3.3
2015-03-19,3.22
2015-03-20,3.16
2015-03-21,3.16
2015-03-22,3.19
2015-03-23,3.19
2015-03-24,3.45
2015-03-25,3.45
2015-03-26,3.45
2015-03-27,3.46
2015-03-28,3.48
2015-03-29,3.29
2015-03-30,3.31
2015-03-31,3.28
2015-04-01,3.1
2015-04-02,3.11
2015-04-03,3.05
2015-04-04,3.03
2015-04-05,3.06
2015-04-06,3.06
2015-04-07,3.06
2015-04-08,2.92
2015-04-09,2.91
2015-04-10,2.92
2015-04-11,2.93
2015-04-12,2.86
2015-04-13,2.95
2015-04-14,2.93
2015-04-15,2.94
2015-04-16,2.97
2015-04-17,2.48
2015-04-18,2.44
2015-04-19,2.44
2015-04-20,2.45
2015-04-21,2.61
2015-04-22,2.62
2015-04-23,2.21
2015-04-24,2.23
2015-04-25,2.25
2015-04-26,2.29
2015-04-27,2.32
2015-04-28,2.22
2015-04-29,2.18
2015-04-30,2.35
2015-05-01,2.36
2015-05-02,2.32
2015-05-03,2.37
2015-05-04,2.37
2015-05-05,2.32
2015-05-06,2.35
2015-05-07,2.45
2015-05-08,2.44
2015-05-09,2.44
2015-05-10,2.38
2015-05-11,2.38
2015-05-12,2.38
2015-05-13,2.26
2015-05-14,2.22
2015-05-15,2.2
2015-05-16,2.18
2015-05-17,2.12
2015-05-18,2.15
2015-05-19,2.15
2015-05-20,2.15
2015-05-21,1.89
2015-05-22,1.93
2015-05-23,1.94
2015-05-24,1.91
2015-05-25,1.89
2015-05-26,1.8
2015-05-27,1.72
2015-05-28,1.71
2015-05-29,1.71
2015-05-30,1.52
2015-05-31,1.51
2015-06-01,1.57
2015-06-02,1.51
2015-06-03,1.51
2015-06-04,1.5
2015-06-05,1.42
2015-06-06,1.26
2015-06-07,1.12
2015-06-08,1.22
2015-06-09,1.21
2015-06-10,1.2
2015-06-11,1.21
2015-06-12,1.12
2015-06-13,1.15
2015-06-14,1.15
2015-06-15,1.18
2015-06-16,1.65
2015-06-17,1.64
2015-06-18,1.63
2015-06-19,1.67
2015-06-20,1.67
2015-06-21,1.62
2015-06-22,1.62
2015-06-23,1.62
2015-06-24,1.63
2015-06-25,1.64
2015-06-26,1.64
2015-06-27,1.74
2015-06-28,1.76
2015-06-29,1.8
2015-06-30,1.8
2015-07-01,1.75
2015-07-02,1.78
2015-07-03,1.78
2015-07-04,1.78
2015-07-05,1.91
2015-07-06,1.93
2015-07-07,1.94
2015-07-08,1.92
2015-07-09,1.93
2015-07-10,2.15
2015-07-11,2.18
2015-07-12,2.37
2015-07-13,2.68
2015-07-14,2.72
2015-07-15,2.73
2015-07-16,2.56
2015-07-17,2.54
2015-07-18,2.55
2015-07-19,2.52
2015-07-20,2.53
2015-07-21,2.56
2015-07-22,2.56
2015-07-23,2.55
2015-07-24,2.61
2015-07-25,2.61
2015-07-26,2.61
2015-07-27,2.56
2015-07-28,2.54
2015-07-29,2.53
2015-07-30,2.51
2015-07-31,2.49
2015-08-01,2.5
2015-08-02,2.5
2015-08-03,2.49
2015-08-04,2.38
2015-08-05,2.38
2015-08-06,2.38
2015-08-07,2.36
2015-08-08,2.66
2015-08-09,2.44
2015-08-10,2.37
2015-08-11,2.13
2015-08-12,1.88
2015-08-13,1.86
2015-08-14,1.87
2015-08-15,1.85
2015-08-16,1.85
2015-08-17,1.85
2015-08-18,3.57
2015-08-19,3.72
2015-08-20,3.81
2015-08-21,3.81
2015-08-22,3.81
2015-08-23,3.7
2015-08-24,3.9
2015-08-25,4.07
2015-08-26,4.08
2015-08-27,4.08
2015-08-28,4.12
2015-08-29,4.12
2015-08-30,4.12
2015-08-31,4.12
2015-09-01,4.12
2015-09-02,4.12
2015-09-03,4.11
2015-09-04,4.13
2015-09-05,4.15
2015-09-06,4.18
2015-09-07,4.01
2015-09-08,4.01
2015-09-09,4.02
2015-09-10,3.99
2015-09-11,3.98
2015-09-12,4
2015-09-13,4
2015-09-14,4
2015-09-15,4
2015-09-16,4
2015-09-17,2.5
2015-09-18,2.34
2015-09-19,2.21
2015-09-20,2.2
2015-09-21,2.23
2015-09-22,2.25
2015-09-23,1.74
2015-09-24,1.43
2015-09-25,1.41
2015-09-26,1.41
2015-09-27,1.32
2015-09-28,1.43
2015-09-29,1.45
2015-09-30,1.45
2015-10-01,1.44
2015-10-02,1.43
2015-10-03,1.42
2015-10-04,1.4
2015-10-05,1.36
2015-10-06,1.36
2015-10-07,1.38
2015-10-08,1.36
2015-10-09,1.31
2015-10-10,1.31
2015-10-11,1.32
2015-10-12,1.27
2015-10-13,1.25
2015-10-14,1.26
2015-10-15,1.26
2015-10-16,1.35
2015-10-17,1.44
2015-10-18,1.48
2015-10-19,1.47
2015-10-20,1.5
2015-10-21,1.45
2015-10-22,1.5
2015-10-23,1.5
2015-10-24,1.5
2015-10-25,1.5
2015-10-26,1.49
2015-10-27,1.52
2015-10-28,1.52
2015-10-29,1.53
2015-10-30,1.63
2015-10-31,1.85
2015-11-01,1.94
2015-11-02,2.58
2015-11-03,3.07
2015-11-04,3.07
2015-11-05,3.33
2015-11-06,3.4
2015-11-07,3.39
2015-11-08,3.47
2015-11-09,3.46
2015-11-10,4.1
2015-11-11,4.38
2015-11-12,4.52
2015-11-13,4.52
2015-11-14,4.54
2015-11-15,4.6
2015-11-16,4.6
2015-11-17,4.55
2015-11-18,4.55
2015-11-19,4.59
2015-11-20,4.6
2015-11-21,4.58
2015-11-22,4.59
2015-11-23,4.59
2015-11-24,4.6
2015-11-25,4.62
2015-11-26,4.76
2015-11-27,4.74
2015-11-28,4.71
2015-11-29,4.71
2015-11-30,4.64
2015-12-01,4.65
2015-12-02,4.25
2015-12-03,3.74
2015-12-04,3.74
2015-12-05,3.86
2015-12-06,3.82
2015-12-07,3.8
2015-12-08,3.92
2015-12-09,3.91
2015-12-10,3.34
2015-12-11,3.39
2015-12-12,3.37
2015-12-13,3.38
2015-12-14,3.36
2015-12-15,3.32
2015-12-16,3.36
2015-12-17,3.36
2015-12-18,3.36
2015-12-19,3.29
2015-12-20,3.41
2015-12-21,3.43
2015-12-22,3.42
2015-12-23,3.41
2015-12-24,3.41
2015-12-25,3.4
2015-12-26,3.62
2015-12-27,3.62
2015-12-28,3.62
2015-12-29,3.58
2015-12-30,3.61
2015-12-31,3.52
2016-01-01,3.51
2016-01-02,3.52
2016-01-03,3.53
2016-01-04,3.3
2016-01-05,3.3
2016-01-06,3.3
2016-01-07,3.36
2016-01-08,3.36
2016-01-09,3.36
2016-01-10,2.82
2016-01-11,2.7
2016-01-12,2.79
2016-01-13,2.76
2016-01-14,2.57
2016-01-15,3.86
2016-01-16,4.17
2016-01-17,4.16
2016-01-18,4.17
2016-01-19,4.12
2016-01-20,4.57
2016-01-21,4.59
2016-01-22,4.75
2016-01-23,4.72
2016-01-24,4.8
2016-01-25,4.58
2016-01-26,4.57
2016-01-27,4.58
2016-01-28,4.6
2016-01-29,4.59
2016-01-30,4.58
2016-01-31,4.6
2016-02-01,4.61
2016-02-02,4.61
2016-02-03,4.61
2016-02-04,4.73
2016-02-05,4.74
2016-02-06,4.56
2016-02-07,4.56
2016-02-08,4.56
2016-02-09,4.57
2016-02-10,4.59
2016-02-11,4.54
2016-02-12,4.55
2016-02-13,4.58
2016-02-14,3.52
2016-02-15,3.25
2016-02-16,3.25
2016-02-17,3.25
2016-02-18,3.23
2016-02-19,2.61
2016-02-20,2.69
2016-02-21,2.3
2016-02-22,2.3
2016-02-23,2.33
2016-02-24,2.26
2016-02-25,2.26
2016-02-26,2.3
2016-02-27,2.14
2016-02-28,2.14
2016-02-29,2.14
2016-03-01,2.07
2016-03-02,2.15
2016-03-03,2.16
2016-03-04,2.22
2016-03-05,2.05
2016-03-06,2.06
2016-03-07,1.99
2016-03-08,1.99
2016-03-09,1.98
2016-03-10,1.98
2016-03-11,1.97
2016-03-12,2.02
2016-03-13,2.01
2016-03-14,1.97
2016-03-15,1.85
2016-03-16,1.8
2016-03-17,1.78
2016-03-18,1.81
2016-03-19,1.79
2016-03-20,1.79
2016-03-21,1.58
2016-03-22,1.6
2016-03-23,1.61
2016-03-24,1.42
2016-03-25,1.4
2016-03-26,1.4
2016-03-27,1.4
2016-03-28,1.41
2016-03-29,1.45
2016-03-30,1.43
2016-03-31,1.43
2016-04-01,1.33
2016-04-02,1.34
2016-04-03,1.24
2016-04-04,1.12
2016-04-05,1.09
2016-04-06,1.03
2016-04-07,1.02
2016-04-08,1.04
2016-04-09,1.03
2016-04-10,1.02
2016-04-11,0.91
2016-04-12,0.92
2016-04-13,0.91
2016-04-14,0.91
2016-04-15,0.93
2016-04-16,0.93
2016-04-17,0.81
2016-04-18,0.81
2016-04-19,0.86
2016-04-20,0.88
2016-04-21,0.91
2016-04-22,0.93
2016-04-23,0.94
2016-04-24,0.99
2016-04-25,1
2016-04-26,0.93
2016-04-27,1.32
2016-04-28,1.27
2016-04-29,1.27
2016-04-30,1.33
2016-05-01,1.33
2016-05-02,1.38
2016-05-03,1.39
2016-05-04,1.4
2016-05-05,1.4
2016-05-06,1.47
2016-05-07,1.48
2016-05-08,1.46
2016-05-09,1.46
2016-05-10,1.53
2016-05-11,1.53
2016-05-12,1.53
2016-05-13,1.52
2016-05-14,1.52
2016-05-15,1.51
2016-05-16,1.53
2016-05-17,1.52
2016-05-18,1.52
2016-05-19,1.68
2016-05-20,1.68
2016-05-21,1.64
2016-05-22,1.64
2016-05-23,1.64
2016-05-24,1.59
2016-05-25,1.6
2016-05-26,1.6
2016-05-27,1.5
2016-05-28,2.51
2016-05-29,2.51
2016-05-30,2.46
2016-05-31,2.47
2016-06-01,2.44
2016-06-02,2.43
2016-06-03,2.6
2016-06-04,2.6
2016-06-05,2.57
2016-06-06,2.58
2016-06-07,2.61
2016-06-08,2.6
2016-06-09,2.57
2016-06-10,2.57
2016-06-11,2.73
2016-06-12,3.1
2016-06-13,3.16
2016-06-14,3.26
2016-06-15,3.23
2016-06-16,3.57
2016-06-17,3.66
2016-06-18,3.49
2016-06-19,3.49
2016-06-20,3.59
2016-06-21,4.15
2016-06-22,4.59
2016-06-23,4.6
2016-06-24,4.69
2016-06-25,4.7
2016-06-26,4.83
2016-06-27,4.52
2016-06-28,4.55
2016-06-29,4.56
2016-06-30,4.63
2016-07-01,4.63
2016-07-02,4.68
2016-07-03,4.78
2016-07-04,4.81
2016-07-05,4.83
2016-07-06,4.83
2016-07-07,4.93
2016-07-08,4.97
2016-07-09,4.99
2016-07-10,4.99
2016-07-11,4.89
2016-07-12,4.62
2016-07-13,4.54
2016-07-14,4.51
2016-07-15,4.5
2016-07-16,4.07
2016-07-17,4.09
2016-07-18,4.08
2016-07-19,4.07
2016-07-20,4.04
2016-07-21,3.62
2016-07-22,3.21
2016-07-23,3.16
2016-07-24,2.95
2016-07-25,2.96
2016-07-26,2.78
2016-07-27,2.61
2016-07-28,2.57
2016-07-29,2.56
2016-07-30,2.37
2016-07-31,2.52
2016-08-01,2.38
2016-08-02,2.09
2016-08-10,2.03
2016-08-11,2.01
2016-08-12,1.99
2016-08-13,1.75
2016-08-14,1.63
2016-08-15,1.59
2016-08-16,1.62
2016-08-17,1.62
2016-08-18,1.51
2016-08-19,1.49
2016-08-20,1.5
2016-08-21,1.49
2016-08-22,1.51
2016-08-23,1.41
2016-08-24,1.4
2016-08-25,1.4
2016-08-26,1.39
2016-08-27,1.41
2016-08-28,1.37
2016-08-29,1.36
2016-08-30,1.35
2016-08-31,1.34
2016-09-01,1.34
2016-09-02,1.34
2016-09-03,1.66
2016-09-04,1.66
2016-09-05,1.66
2016-09-06,1.4
2016-09-07,1.33
2016-09-08,1.36
2016-09-09,1.33
2016-09-10,1.33
2016-09-11,1.41
2016-09-12,1.41
2016-09-13,1.32
2016-09-14,1.31
2016-09-15,1.28
2016-09-16,1.28
2016-09-17,1.28
2016-09-18,1.29
2016-09-19,1.27
2016-09-20,1.31
2016-09-21,1.3
2016-09-22,1.29
2016-09-23,1.3
2016-09-24,1.29
2016-09-25,1.3
2016-09-26,1.28
2016-09-27,1.28
2016-09-28,1.28
2016-09-29,1.27
2016-09-30,1.28
2016-10-01,1.27
2016-10-02,1.27
2016-10-03,0.87
2016-10-04,0.86
2016-10-05,0.86
2016-10-06,0.86
2016-10-07,0.87
2016-10-08,0.79
2016-10-09,0.79
2016-10-10,0.79
2016-10-11,0.92
2016-10-12,0.93
2016-10-13,0.93
2016-10-14,0.94
2016-10-15,0.94
2016-10-16,0.94
2016-10-17,0.95
2016-10-18,0.94
2016-10-19,0.96
2016-10-20,0.91
2016-10-21,0.9
2016-10-22,1.19
2016-10-23,1.21
2016-10-24,1.21
2016-10-25,1.21
2016-10-26,1.28
2016-10-27,1.28
2016-10-28,1.28
2016-10-29,1.35
2016-10-30,1.41
2016-10-31,1.42
2016-11-01,1.59
2016-11-02,1.62
2016-11-03,2.22
2016-11-04,2.24
2016-11-05,2.24
2016-11-06,2.24
2016-11-07,2.26
2016-11-08,2.25
2016-11-09,2.26
2016-11-10,2.2
2016-11-11,2.19
2016-11-12,2.23
2016-11-13,2.23
2016-11-14,2.22
2016-11-15,2.22
2016-11-16,2.34
2016-11-17,2.34
2016-11-18,2.34
2016-11-19,2.34
2016-11-20,2.43
2016-11-21,2.31
2016-11-22,2.31
2016-11-23,2.32
2016-11-24,2.32
2016-11-25,2.28
2016-11-26,2.28
2016-11-27,2.29
2016-11-28,2.23
2016-11-29,2.2
2016-11-30,2.21
2016-12-01,2.08
2016-12-02,2.09
2016-12-03,1.51
2016-12-04,1.47
2016-12-05,1.55
2016-12-06,1.55
2016-12-07,1.53
2016-12-08,1.53
2016-12-09,1.51
2016-12-10,1.48
2016-12-11,1.49
2016-12-12,1.44
2016-12-13,1.45
2016-12-14,1.45
2016-12-15,1.45
2016-12-16,1.21
2016-12-17,1.21
2016-12-18,1.17
2016-12-19,1.17
2016-12-20,1.02
2016-12-21,1.2
2016-12-22,1.32
2016-12-23,1.73
2016-12-24,1.81
2016-12-25,1.81
2016-12-26,1.78
2016-12-27,1.81
2016-12-28,1.94
2016-12-29,1.96
2016-12-30,2.01
2016-12-31,1.99
2017-01-01,2.02
2017-01-02,1.99
2017-01-03,1.99
2017-01-04,2.45
2017-01-05,3.42
2017-01-06,3.99
2017-01-07,3.99
2017-01-08,3.99
2017-01-09,4.01
2017-01-10,4.01
2017-01-11,4.78
2017-01-12,4.81
2017-01-13,4.84
2017-01-14,4.85
2017-01-15,4.85
2017-01-16,4.85
2017-01-17,5.09
2017-01-18,5.1
2017-01-19,5.11
2017-01-20,5.07
2017-01-21,5.06
2017-01-22,4.91
2017-01-23,4.9
2017-01-24,4.92
2017-01-25,4.92
2017-01-26,4.9
2017-01-27,4.82
2017-01-28,4.82
2017-01-29,4.82
2017-01-30,4.82
2017-01-31,4.88
2017-02-01,4.87
2017-02-02,4.88
2017-02-03,4.53
2017-02-04,4
2017-02-05,3.52
2017-02-06,3.52
2017-02-07,3.54
2017-02-08,3.53
2017-02-09,3.73
2017-02-10,2.62
2017-02-11,2.59
2017-02-12,2.56
2017-02-13,2.53
2017-02-14,2.54
2017-02-15,2.54
2017-02-16,2.07
2017-02-17,2.03
2017-02-18,2.03
2017-02-19,2.02
2017-02-20,2.03
2017-02-21,2.09
2017-02-22,2.06
2017-02-23,2.16
2017-02-24,2.17
2017-02-25,2.25
2017-02-26,2.26
2017-02-27,2.26
2017-02-28,2.26
2017-03-01,2.31
2017-03-02,2.18
2017-03-03,2.19
2017-03-04,2.22
2017-03-05,2.22
2017-03-06,2.22
2017-03-07,2.29
2017-03-08,2.64
2017-03-09,2.66
2017-03-10,2.92
2017-03-11,2.81
2017-03-12,2.89
2017-03-13,2.89
2017-03-14,2.89
2017-03-15,2.88
2017-03-16,3.2
2017-03-17,3.59
2017-03-18,3.93
2017-03-19,4
2017-03-20,4.03
2017-03-21,4.23
2017-03-22,4.38
2017-03-23,4.33
2017-03-24,4.6
2017-03-25,4.5
2017-03-26,4.5
2017-03-27,4.71
2017-03-28,4.69
2017-03-29,4.68
2017-03-30,4.68
2017-03-31,4.69
2017-04-01,4.68
2017-04-02,4.66
2017-04-03,4.71
2017-04-04,4.71
2017-04-05,4.71
2017-04-06,4.74
2017-04-07,4.57
2017-04-08,4.53
2017-04-09,4.39
2017-04-10,4.29
2017-04-11,4.23
2017-04-12,4.23
2017-04-13,4.27
2017-04-14,4.27
2017-04-15,4.08
2017-04-16,3.76
2017-04-17,3.33
2017-04-18,3.26
2017-04-19,3.25
2017-04-20,3.08
2017-04-21,2.75
2017-04-22,2.74
2017-04-23,2.07
2017-04-24,2.07
2017-04-25,2.05
2017-04-26,1.68
2017-04-27,1.71
2017-04-28,1.77
2017-04-29,1.76
2017-04-30,1.68
2017-05-01,1.98
2017-05-02,1.99
2017-05-03,1.98
2017-05-04,1.99
2017-05-05,2.17
2017-05-06,2.12
2017-05-07,2.12
2017-05-08,2.22
2017-05-09,2.24
2017-05-10,2.24
2017-05-11,2.27
2017-05-12,2.65
2017-05-13,2.6
2017-05-14,2.6
2017-05-15,2.69
2017-05-16,2.69
2017-05-17,2.75
2017-05-18,2.78
2017-05-19,2.76
2017-05-20,2.79
2017-05-21,2.85
2017-05-22,2.86
2017-05-23,3.07
2017-05-24,3.15
2017-05-25,3.41
2017-05-26,3.7
2017-05-27,3.98
2017-05-28,3.97
2017-05-29,4.11
2017-05-30,4.18
2017-05-31,4.06
2017-06-01,4.13
2017-06-02,4.14
2017-06-03,4.12
2017-06-04,4
2017-06-05,4.06
2017-06-06,4.21
2017-06-07,4.46
2017-06-08,4.5
2017-06-09,4.5
2017-06-10,4.5
2017-06-11,4.28
2017-06-12,4.96
2017-06-13,4.98
2017-06-14,5.38
2017-06-15,5.39
2017-06-16,5.35
2017-06-17,5.44
2017-06-18,5.53
2017-06-19,5.51
2017-06-20,5.54
2017-06-21,5.59
2017-06-22,5.44
2017-06-23,5.34
2017-06-24,5.38
2017-06-25,5.24
2017-06-26,5.11
2017-06-27,5.15
2017-06-28,5.01
2017-06-29,4.99
2017-06-30,5.01
2017-07-01,4.96
2017-07-02,4.96
2017-07-03,4.97
2017-07-04,4.98
2017-07-05,4.87
2017-07-06,4.65
2017-07-07,4.54
2017-07-08,4.46
2017-07-09,4.48
2017-07-10,4.61
2017-07-11,4.51
2017-07-12,4.02
2017-07-13,3.94
2017-07-14,3.59
2017-07-15,4.02
2017-07-16,4
2017-07-17,4.74
2017-07-18,4.73
2017-07-19,4.69
2017-07-20,6.76
2017-07-21,6.87
2017-07-22,6.97
2017-07-23,7.01
2017-07-24,6.89
2017-07-25,7.04
2017-07-26,7.01
2017-07-27,7.01
2017-07-28,7.05
2017-07-29,7.06
2017-07-30,7.05
2017-07-31,7.03
2017-08-01,7.06
2017-08-02,7.05
2017-08-03,7.07
2017-08-04,7.07
2017-08-05,7.46
2017-08-06,7.4
2017-08-07,7.43
2017-08-08,7.4
2017-08-09,7.28
2017-08-10,7.26
2017-08-11,7.31
2017-08-12,7.33
2017-08-13,7.22
2017-08-14,6.86
2017-08-15,6.9
2017-08-16,6.52
2017-08-17,6.59
2017-08-18,6.64
2017-08-19,4.76
2017-08-20,4.51
2017-08-21,4.43
2017-08-22,4.35
2017-08-23,4.35
2017-08-24,4.05
2017-08-25,4.01
2017-08-26,3.98
2017-08-27,3.96
2017-08-28,3.88
2017-08-29,3.92
2017-08-30,3.92
2017-08-31,3.76
2017-09-01,3.74
2017-09-02,4.12
2017-09-03,4.12
2017-09-04,3.88
2017-09-05,3.91
2017-09-06,3.91
2017-09-07,3.91
2017-09-08,4.11
2017-09-09,4.11
2017-09-10,3.98
2017-09-11,3.85
2017-09-12,3.75
2017-09-13,3.79
2017-09-14,4.68
2017-09-15,5.29
2017-09-16,5.27
2017-09-17,5.23
2017-09-18,5.62
2017-09-19,5.68
2017-09-20,5.67
2017-09-21,5.8
2017-09-22,5.8
2017-09-23,5.81
2017-09-24,5.83
2017-09-25,6
2017-09-26,6.01
2017-09-27,6.2
2017-09-28,6.14
2017-09-29,6.14
2017-09-30,6.18
2017-10-01,6.13
2017-10-02,5.97
2017-10-03,5.98
2017-10-04,5.78
2017-10-05,5.75
2017-10-06,5.69
2017-10-07,5.69
2017-10-08,5.59
2017-10-09,5.62
2017-10-10,5.61
2017-10-11,5.6
2017-10-12,6
2017-10-13,5.81
2017-10-14,4.83
2017-10-15,4.32
2017-10-16,4.31
2017-10-17,4.37
2017-10-18,3.98
2017-10-19,3.84
2017-10-20,3.88
2017-10-21,3.53
2017-10-22,3.54
2017-10-23,3.53
2017-10-24,3.73
2017-10-25,3.59
2017-10-26,3.57
2017-10-27,3.38
2017-10-28,3.39
2017-10-29,3.56
2017-10-30,3.51
2017-10-31,3.59
2017-11-01,3.62
2017-11-02,3.59
2017-11-03,3.52
2017-11-04,3.53
2017-11-05,3.54
2017-11-06,3.78
2017-11-07,3.76
2017-11-08,3.79
2017-11-09,3.92
2017-11-10,4.28
2017-11-11,3.78
2017-11-12,4.02
2017-11-13,4.47
2017-11-14,4.45
2017-11-15,4.78
2017-11-16,4.9
2017-11-17,4.94
2017-11-18,4.93
2017-11-19,4.9
2017-11-20,4.9
2017-11-21,4.92
2017-11-22,4.91
2017-11-23,4.75
2017-11-24,4.73
2017-11-25,4.83
2017-11-26,4.86
2017-11-27,4.86
2017-11-28,4.75
2017-11-29,4.76
2017-11-30,4.71
2017-12-01,4.91
2017-12-02,4.9
2017-12-03,4.9
2017-12-04,4.91
2017-12-05,4.91
2017-12-06,5.4
2017-12-07,6.54
2017-12-08,6.68
2017-12-09,6.81
2017-12-10,6.51
2017-12-11,6.59
2017-12-12,6.27
2017-12-13,6.28
2017-12-14,6.29
2017-12-15,6.2
2017-12-16,6.23
2017-12-17,6.2
2017-12-18,6.22
2017-12-19,6.55
2017-12-20,6.71
2017-12-21,6.79
2017-12-22,7.54
2017-12-23,7.53
2017-12-24,7.61
2017-12-25,7.56
2017-12-26,7.88
2017-12-27,7.9
2017-12-28,8.05
2017-12-29,8.04
2017-12-30,8.48
2017-12-31,8.54
2018-01-01,8.57
2018-01-02,8.72
2018-01-03,8.71
2018-01-04,8.71
2018-01-05,8.46
2018-01-06,7.42
2018-01-07,7.44
2018-01-08,7.47
2018-01-09,7.49
2018-01-10,7.18
2018-01-11,7.43
2018-01-12,7.44
2018-01-13,7.45
2018-01-14,7.36
2018-01-15,7.13
2018-01-16,7.81
2018-01-17,7.81
2018-01-18,7.71
2018-01-19,7.72
2018-01-20,7.97
2018-01-21,7.64
2018-01-22,7.61
2018-01-23,7.59
2018-01-24,7.66
2018-01-25,7.12
2018-01-26,7.11
2018-01-27,7.06
2018-01-28,7.09
2018-01-29,6.74
2018-01-30,6.6
2018-01-31,6.59
2018-02-01,6.51
2018-02-02,6.47
2018-02-03,6.54
2018-02-04,6.31
2018-02-05,6.68
2018-02-06,7.06
2018-02-07,6.98
2018-02-08,7.23
2018-02-09,7.28
2018-02-10,7.07
2018-02-11,7.04
2018-02-12,7.32
2018-02-13,7.32
2018-02-14,7.64
2018-02-15,6.98
2018-02-16,6.99
2018-02-17,7.16
2018-02-18,7.21
2018-02-19,7.06
2018-02-20,6.84
2018-02-21,6.86
2018-02-22,6.95
2018-02-23,6.9
2018-02-24,6.94
2018-02-25,6.94
2018-02-26,7.06
2018-02-27,7.05
2018-02-28,7
2018-03-01,6.85
2018-03-02,6.85
2018-03-03,6.56
2018-03-04,6.52
2018-03-05,6.51
2018-03-06,6.24
2018-03-07,5.71
2018-03-08,5.6
2018-03-09,5.6
2018-03-10,5.49
2018-03-11,5.62
2018-03-12,5.67
2018-03-13,5.56
2018-03-14,5.6
2018-03-15,5.54
2018-03-16,5.15
2018-03-17,5.09
2018-03-18,5.16
2018-03-19,4.96
2018-03-20,4.92
2018-03-21,4.7
2018-03-22,4.7
2018-03-23,4.6
2018-03-24,4.55
2018-03-25,4.5
2018-03-26,4.47
2018-03-27,4.52
2018-03-28,4.28
2018-03-29,4.58
2018-03-30,4.59
2018-03-31,4.43
2018-04-01,4.41
2018-04-02,4.39
2018-04-03,4.54
2018-04-04,4.7
2018-04-05,4.64
2018-04-06,4.5
2018-04-07,4.51
2018-04-08,4.54
2018-04-09,4.51
2018-04-10,4.18
2018-04-11,4.16
2018-04-12,4.93
2018-04-13,4.56
2018-04-14,4.56
2018-04-15,4.63
2018-04-16,4.59
2018-04-17,4.53
2018-04-18,4.49
2018-04-19,4.45
2018-04-20,4.64
2018-04-21,4.62
2018-04-22,4.61
2018-04-23,4.54
2018-04-24,4.73
2018-04-25,4.92
2018-04-26,4.9
2018-04-27,4.96
2018-04-28,4.56
2018-04-29,4.48
2018-04-30,4.51
2018-05-01,4.52
2018-05-02,4.5
2018-05-03,4.52
2018-05-04,4.18
2018-05-05,4.17
2018-05-06,4.16
2018-05-07,4.2
2018-05-08,4.23
2018-05-09,4.14
2018-05-10,4.22
2018-05-11,4.44
2018-05-12,3.7
2018-05-13,3.72
2018-05-14,3.71
2018-05-15,3.67
2018-05-16,3.62
2018-05-17,3.65
2018-05-18,3.62
2018-05-19,3.61
2018-05-20,3.43
2018-05-21,3.43
2018-05-22,3.54
2018-05-23,3.66
2018-05-24,3.33
2018-05-25,3.05
2018-05-26,2.91
2018-05-27,2.86
2018-05-28,2.71
2018-05-29,2.91
2018-05-30,2.91
2018-05-31,2.93
2018-06-01,2.9
2018-06-02,2.69
2018-06-03,2.71
2018-06-04,2.7
2018-06-05,2.73
2018-06-06,2.71
2018-06-07,2.7
2018-06-08,2.68
2018-06-09,2.64
2018-06-10,2.93
2018-06-11,2.95
2018-06-12,2.98
2018-06-13,3.02
2018-06-14,3.22
2018-06-15,3.26
2018-06-16,3.25
2018-06-17,3.21
2018-06-18,3.33
2018-06-19,3.24
2018-06-20,3.24
2018-06-21,3.14
2018-06-22,3.44
2018-06-23,3.46
2018-06-24,3.45
2018-06-25,3.47
2018-06-26,3.49
2018-06-27,3.46
2018-06-28,3.38
2018-06-29,3.6
2018-06-30,3.64
2018-07-01,3.63
2018-07-02,3.71
2018-07-03,3.71
2018-07-04,3.69
2018-07-05,3.67
2018-07-06,3.68
2018-07-07,3.71
2018-07-08,3.71
2018-07-09,3.7
2018-07-10,3.4
2018-07-11,3.39
2018-07-12,3.3
2018-07-13,3.23
2018-07-14,3.07
2018-07-15,3.01
2018-07-16,3.19
2018-07-17,3.54
2018-07-18,3.47
2018-07-19,3.48
2018-07-20,3.5
2018-07-21,3.5
2018-07-22,2.92
2018-07-23,2.99
2018-07-24,3.3
2018-07-25,3.36
2018-07-26,3.36
2018-07-27,3.39
2018-07-28,3.22
2018-07-29,3.1
2018-07-30,3.08
2018-07-31,3.28
2018-08-01,3.24
2018-08-02,3.23
2018-08-03,3.24
2018-08-04,3.41
2018-08-05,3.41
2018-08-06,3.39
2018-08-07,3.44
2018-08-08,3.64
2018-08-09,3.57
2018-08-10,3.73
2018-08-11,3.72
2018-08-12,3.72
2018-08-13,3.73
2018-08-14,3.72
2018-08-15,3.56
2018-08-16,3.16
2018-08-17,3.26
2018-08-18,3.28
2018-08-19,3.29
2018-08-20,3.33
2018-08-21,3.41
2018-08-22,3.3
2018-08-23,2.88
2018-08-24,2.92
2018-08-25,2.9
2018-08-26,2.82
2018-08-27,2.89
2018-08-28,2.94
2018-08-29,2.94
2018-08-30,2.79
2018-08-31,2.78
2018-09-01,2.82
2018-09-02,2.82
2018-09-03,2.64
2018-09-04,2.64
2018-09-05,3.1
2018-09-06,3.09
2018-09-07,2.87
2018-09-08,2.83
2018-09-09,2.63
2018-09-10,2.62
2018-09-11,2.62
2018-09-12,2.61
2018-09-13,2.64
2018-09-14,2.63
2018-09-15,2.63
2018-09-16,2.51
2018-09-17,2.55
2018-09-18,2.55
2018-09-19,2.47
2018-09-20,2.4
2018-09-21,2.48
2018-09-22,2.45
2018-09-23,2.41
2018-09-24,2.43
2018-09-25,2.46
2018-09-26,2.39
2018-09-27,2.44
2018-09-28,2.44
2018-09-29,2.44
2018-09-30,2.44
2018-10-01,2.38
2018-10-02,2.37
2018-10-03,2.37
2018-10-04,2.37
2018-10-05,1.76
2018-10-06,1.69
2018-10-07,1.66
2018-10-08,1.54
2018-10-09,1.53
2018-10-10,1.53
2018-10-11,1.85
2018-10-12,1.85
2018-10-13,1.8
2018-10-14,1.8
2018-10-15,2.14
2018-10-16,2.14
2018-10-17,2.01
2018-10-18,2.04
2018-10-19,2.05
2018-10-20,2.04
2018-10-21,1.89
2018-10-22,1.89
2018-10-23,1.89
2018-10-24,1.86
2018-10-25,1.82
2018-10-26,1.82
2018-10-27,1.7
2018-10-28,1.7
2018-10-29,1.74
2018-10-30,1.73
2018-10-31,1.74
2018-11-01,1.73
2018-11-02,1.73
2018-11-03,1.72
2018-11-04,1.74
2018-11-05,1.73
2018-11-06,1.74
2018-11-07,1.74
2018-11-08,1.76
2018-11-09,1.76
2018-11-10,1.42
2018-11-11,1.42
2018-11-12,1.42
2018-11-13,1.42
2018-11-14,1.67
2018-11-15,1.72
2018-11-16,1.73
2018-11-17,1.71
2018-11-18,1.72
2018-11-19,2.82
2018-11-20,3.02
2018-11-21,3.07
2018-11-22,3.21
2018-11-23,3.23
2018-11-24,3.68
2018-11-25,3.81
2018-11-26,3.87
2018-11-27,3.88
2018-11-28,4.48
2018-11-29,4.48
2018-11-30,4.57
2018-12-01,4.7
2018-12-02,4.69
2018-12-03,4.78
2018-12-04,4.79
2018-12-05,4.83
2018-12-06,4.88
2018-12-07,4.86
2018-12-08,4.89
2018-12-09,5
2018-12-10,4.99
2018-12-11,4.98
2018-12-12,5.05
2018-12-13,5.06
2018-12-14,4.93
2018-12-15,4.94
2018-12-16,4.95
2018-12-17,5.36
2018-12-18,5.45
2018-12-19,4.99
2018-12-20,5.24
2018-12-21,5.32
2018-12-22,5.26
2018-12-23,5.26
2018-12-24,4.85
2018-12-25,4.91
2018-12-26,4.81
2018-12-27,4.91
2018-12-28,4.77
2018-12-29,4.8
2018-12-30,4.67
2018-12-31,4.63
2019-01-01,4.67
2019-01-02,4.52
2019-01-03,4.55
2019-01-04,4.44
2019-01-05,4.28
2019-01-06,4.39
2019-01-07,4.4
2019-01-08,4.36
2019-01-09,4.31
2019-01-10,4.62
2019-01-11,4.6
2019-01-12,4.49
2019-01-13,4.51
2019-01-14,4.56
2019-01-15,4.6
2019-01-16,4.25
2019-01-17,4.19
2019-01-18,4.19
2019-01-19,3.73
2019-01-20,3.68
2019-01-21,3.6
2019-01-22,3.61
2019-01-23,3.59
2019-01-24,3.47
2019-01-25,3.46
2019-01-26,3.32
2019-01-27,2.9
2019-01-28,2.87
2019-01-29,2.84
2019-01-30,2.79
2019-01-31,2.71
2019-02-01,2.68
2019-02-02,2.64
2019-02-03,2.64
2019-02-04,2.64
2019-02-05,2.32
2019-02-06,2.33
2019-02-07,2.33
2019-02-08,2.82
2019-02-09,2.29
2019-02-10,2.3
2019-02-11,2.32
2019-02-12,2.25
2019-02-13,2.11
2019-02-14,2.06
2019-02-15,2.06
2019-02-16,2.05
2019-02-17,2.06
2019-02-18,2.32
2019-02-19,2.14
2019-02-20,2.15
2019-02-21,2.15
2019-02-22,2.15
2019-02-23,2.24
2019-02-24,2.81
2019-02-25,2.84
2019-02-26,2.83
2019-02-27,2.78
2019-02-28,2.78
2019-03-01,2.77
2019-03-02,2.76
2019-03-03,2.77
2019-03-04,2.8
2019-03-05,2.85
2019-03-06,2.85
2019-03-07,2.85
2019-03-08,2.83
2019-03-09,2.84
2019-03-10,2.45
2019-03-11,2.46
2019-03-12,2.46
2019-03-13,2.44
2019-03-14,2.44
2019-03-15,2.44
2019-03-16,2.46
2019-03-17,2.46
2019-03-18,2.46
2019-03-19,2.45
2019-03-20,2.17
2019-03-21,2.2
2019-03-22,2.19
2019-03-23,2.18
2019-03-24,2.17
2019-03-25,2.07
2019-03-26,1.26
2019-03-27,1.29
2019-03-28,1.28
2019-03-29,1.33
2019-03-30,1.33
2019-03-31,1.33
2019-04-01,1.33
2019-04-02,3.32
2019-04-03,3.27
2019-04-04,3.24
2019-04-05,3.26
2019-04-06,3.26
2019-04-07,3.27
2019-04-08,3.26
2019-04-09,3.29
2019-04-10,3.27
2019-04-11,3.43
2019-04-12,3.42
2019-04-13,3.42
2019-04-14,3.43
2019-04-15,3.49
2019-04-16,3.52
2019-04-17,3.52
2019-04-18,3.52
2019-04-19,3.52
2019-04-20,3.48
2019-04-21,3.48
2019-04-22,3.49
2019-04-23,3.48
2019-04-24,3.47
2019-04-25,3.63
2019-04-26,3.65
2019-04-27,3.65
2019-04-28,3.64
2019-04-29,3.64
2019-04-30,3.64
2019-05-01,3.64
2019-05-02,2.06
2019-05-03,2.2
2019-05-04,2.19
2019-05-05,2.17
2019-05-06,2.17
2019-05-07,2.13
2019-05-08,2.14
2019-05-09,2.09
2019-05-10,2.12
2019-05-11,2.57
2019-05-12,2.63
2019-05-13,3.2
2019-05-14,3.2
2019-05-15,3.1
2019-05-16,3.2
2019-05-17,3.43
2019-05-18,3.49
2019-05-19,4.06
2019-05-20,4.12
2019-05-21,4.12
2019-05-22,4.23
2019-05-23,4.24
2019-05-24,4.22
2019-05-25,4.06
2019-05-26,4.23
2019-05-27,4.22
2019-05-28,4.24
2019-05-29,4.25
2019-05-30,4.4
2019-05-31,4.41
2019-06-01,4.41
2019-06-02,4.37
2019-06-03,4.64
2019-06-04,4.75
2019-06-05,4.75
2019-06-06,4.75
2019-06-07,4.75
2019-06-08,4.77
2019-06-09,4.82
2019-06-10,4.53
2019-06-11,4.52
2019-06-12,4.1
2019-06-13,4.08
2019-06-14,4.18
2019-06-15,4.13
2019-06-16,3.97
2019-06-17,3.98
2019-06-18,3.37
2019-06-19,3.34
2019-06-20,3.36
2019-06-21,3.42
2019-06-22,3.48
2019-06-23,3.48
2019-06-24,3.48
2019-06-25,3.34
2019-06-26,3.68
2019-06-27,4.48
2019-06-28,4.77
2019-06-29,4.72
2019-06-30,5.07
2019-07-01,5.09
2019-07-02,5.09
2019-07-03,5.12
2019-07-04,5.2
2019-07-05,5.23
2019-07-06,5.23
2019-07-07,5.23
2019-07-08,5.31
2019-07-09,5.22
2019-07-10,5.27
2019-07-11,5.43
2019-07-12,5.44
2019-07-13,5.52
2019-07-14,5.79
2019-07-15,5.87
2019-07-16,6.36
2019-07-17,6.34
2019-07-18,6.53
2019-07-19,6.53
2019-07-20,6.53
2019-07-21,6.43
2019-07-22,6.39
2019-07-23,6.43
2019-07-24,6.43
2019-07-25,6.33
2019-07-26,6.05
2019-07-27,5.63
2019-07-28,5.29
2019-07-29,5.26
2019-07-30,5.01
2019-07-31,5.1
2019-08-01,5.12
2019-08-02,4.77
2019-08-03,4.64
2019-08-04,4.64
2019-08-05,4.82
2019-08-06,4.85
2019-08-07,4.75
2019-08-08,4.73
2019-08-09,4.69
2019-08-10,4.63
2019-08-11,4.6
2019-08-12,4.55
2019-08-13,4.26
2019-08-14,4.35
2019-08-15,3.68
2019-08-16,3.65
2019-08-17,3.22
2019-08-18,3.22
2019-08-19,3.37
2019-08-20,3.36
2019-08-21,3.51
2019-08-22,3.41
2019-08-23,3.44
2019-08-24,3.47
2019-08-25,3.47
2019-08-26,3.41
2019-08-27,3.43
2019-08-28,3.54
2019-08-29,3.56
2019-08-30,3.44
2019-08-31,3.39
2019-09-01,3.39
2019-09-02,3.55
2019-09-03,3.56
2019-09-04,3.26
2019-09-05,3.22
2019-09-06,3.12
2019-09-07,3.14
2019-09-08,3.13
2019-09-09,3.02
2019-09-10,3
2019-09-11,3
2019-09-12,2.95
2019-09-13,2.59
2019-09-14,2.55
2019-09-15,2.55
2019-09-16,2.54
2019-09-17,2.54
2019-09-18,2.29
2019-09-19,2.29
2019-09-20,2.03
2019-09-21,2.06
2019-09-22,1.99
2019-09-23,2.04
2019-09-24,2.95
2019-09-25,2.9
2019-09-26,2.97
2019-09-27,2.9
2019-09-28,2.89
2019-09-29,2.89
2019-09-30,2.95
2019-10-01,2.93
2019-10-02,2.67
2019-10-03,2.61
2019-10-04,2.61
2019-10-05,2.61
2019-10-06,2.63
2019-10-07,2.76
2019-10-08,2.76
2019-10-09,2.94
2019-10-10,2.93
2019-10-11,2.98
2019-10-12,2.92
2019-10-13,2.92
2019-10-14,2.93
2019-10-15,2.95
2019-10-16,2.96
2019-10-17,2.97
2019-10-18,2.97
2019-10-19,2.96
2019-10-20,3.05
2019-10-21,3.04
2019-10-22,3.05
2019-10-23,3.21
2019-10-24,2.44
2019-10-25,3.89
2019-10-26,3.97
2019-10-27,4
2019-10-28,4.07
2019-10-29,4.06
2019-10-30,4.08
2019-10-31,4.08
2019-11-01,4.08
2019-11-02,4.06
2019-11-03,4.06
2019-11-04,4.07
2019-11-05,4.02
2019-11-06,3.96
2019-11-07,3.98
2019-11-08,3.99
2019-11-09,3.99
2019-11-10,3.95
2019-11-11,4.01
2019-11-12,4.02
2019-11-13,4.02
2019-11-14,4.01
2019-11-15,4
2019-11-16,4
2019-11-17,3.99
2019-11-18,4.06
2019-11-19,4.01
2019-11-20,4.01
2019-11-21,4.12
2019-11-22,4.01
2019-11-23,4.01
2019-11-24,2.74
2019-11-25,2.46
2019-11-26,2.35
2019-11-27,2.52
2019-11-28,2.46
2019-11-29,2.6
2019-11-30,2.62
2019-12-01,2.61
2019-12-02,2.61
2019-12-03,2.61
2019-12-04,2.54
2019-12-05,2.63
2019-12-06,2.67
2019-12-07,2.66
2019-12-08,2.56
2019-12-09,2.57
2019-12-10,2.51
2019-12-11,2.45
2019-12-12,2.43
2019-12-13,2.44
2019-12-14,2.46
2019-12-15,2.46
2019-12-16,2.5
2019-12-17,2.55
2019-12-18,3.13
2019-12-19,3.15
2019-12-20,3.15
2019-12-21,3
2019-12-22,3.03
2019-12-23,3.06
2019-12-24,2.91
2019-12-25,2.87
2019-12-26,2.87
2019-12-27,2.73
2019-12-28,2.73
2019-12-29,2.61
2019-12-30,2.59
2019-12-31,2.57
2020-01-01,2.56
2020-01-02,2.62
2020-01-03,2.8
2020-01-04,2.75
2020-01-05,2.73
2020-01-06,2.89
2020-01-07,3.02
2020-01-08,3
2020-01-09,3.03
2020-01-10,3.13
2020-01-11,3.16
2020-01-12,3.17
2020-01-13,3.14
2020-01-14,3.44
2020-01-15,3.36
2020-01-16,3.27
2020-01-17,2.83
2020-01-18,2.79
2020-01-19,2.84
2020-01-20,2.84
2020-01-21,2.71
2020-01-22,2.67
2020-01-23,2.73
2020-01-24,2.72
2020-01-25,2.74
2020-01-26,2.78
2020-01-27,2.82
2020-01-28,2.95
2020-01-29,2.92
2020-01-30,2.91
2020-01-31,2.94
2020-02-01,2.85
2020-02-02,2.74
2020-02-03,2.75
2020-02-04,2.77
2020-02-05,2.73
2020-02-06,2.61
2020-02-07,2.58
2020-02-08,2.5
2020-02-09,2.42
2020-02-10,2.46
2020-02-11,2.52
2020-02-12,2.5
2020-02-13,2.1
2020-02-14,2.1
2020-02-15,2.25
2020-02-16,2.24
2020-02-17,2.29
2020-02-18,2.38
2020-02-19,2.63
2020-02-20,2.63
2020-02-21,2.62
2020-02-22,2.55
2020-02-23,2.6
2020-02-24,2.67
2020-02-25,2.72
2020-02-26,2.85
2020-02-27,2.66
2020-02-28,2.66
2020-02-29,2.64
2020-03-01,2.63
2020-03-02,2.76
2020-03-03,2.78
2020-03-04,2.78
2020-03-05,2.84
2020-03-06,2.72
2020-03-07,2.75
2020-03-08,3.2
2020-03-09,3.2
2020-03-10,3.13
2020-03-11,3.12
2020-03-12,7.46
2020-03-13,8.06
2020-03-14,8.12
2020-03-15,8.15
2020-03-16,8.18
2020-03-17,8.28
2020-03-18,8.3
2020-03-19,8.68
2020-03-20,8.64
2020-03-21,8.64
2020-03-22,8.68
2020-03-23,8.98
2020-03-24,9
2020-03-25,8.99
2020-03-26,8.97
2020-03-27,8.98
2020-03-28,8.98
2020-03-29,9.02
2020-03-30,9.18
2020-03-31,9.18
2020-04-01,9.17
2020-04-02,9.18
2020-04-03,9.18
2020-04-04,9.17
2020-04-05,9.16
2020-04-06,9.28
2020-04-07,9.13
2020-04-08,9.13
2020-04-09,9.13
2020-04-10,9.2
2020-04-11,5.7
2020-04-12,5.09
2020-04-13,4.88
2020-04-14,4.87
2020-04-15,4.77
2020-04-16,4.83
2020-04-17,4.84
2020-04-18,4.23
2020-04-19,4.25
2020-04-20,4.33
2020-04-21,4.16
2020-04-22,3.7
2020-04-23,3.73
2020-04-24,3.72
2020-04-25,3.72
2020-04-26,3.56
2020-04-27,3.52
2020-04-28,3.32
2020-04-29,3.74
2020-04-30,3.78
2020-05-01,3.75
2020-05-02,3.75
2020-05-03,3.75
2020-05-04,3.75
2020-05-05,3.72
2020-05-06,3.48
2020-05-07,3.74
2020-05-08,3.77
2020-05-09,3.81
2020-05-10,4.01
2020-05-11,4.04
2020-05-12,4.05
2020-05-13,4.13
2020-05-14,4.19
2020-05-15,4.25
2020-05-16,4.1
2020-05-17,4.1
2020-05-18,4.08
2020-05-19,4.05
2020-05-20,3.99
2020-05-21,4.13
2020-05-22,4.09
2020-05-23,4.01
2020-05-24,4.15
2020-05-25,4.16
2020-05-26,4.15
2020-05-27,4.2
2020-05-28,4.24
2020-05-29,3.57
2020-05-30,3.59
2020-05-31,3.61
2020-06-01,3.87
2020-06-02,4.09
2020-06-03,4.09
2020-06-04,4.08
2020-06-05,4.1
2020-06-06,3.76
2020-06-07,3.74
2020-06-08,3.71
2020-06-09,3.34
2020-06-10,3.32
2020-06-11,3.5
2020-06-12,3.37
2020-06-13,3.24
2020-06-14,3.13
2020-06-15,3.13
2020-06-16,3.09
2020-06-17,3.09
2020-06-18,3.09
2020-06-19,3.05
2020-06-20,2.93
2020-06-21,2.93
2020-06-22,3.02
2020-06-23,2.87
2020-06-24,2.92
2020-06-25,2.92
2020-06-26,2.83
2020-06-27,2.74
2020-06-28,2.74
2020-06-29,2.69
2020-06-30,2.65
2020-07-01,2.17
2020-07-02,1.82
2020-07-03,1.79
2020-07-04,1.78
2020-07-05,1.76
2020-07-06,1.85
2020-07-07,1.85
2020-07-08,1.88
2020-07-09,1.92
2020-07-10,1.91
2020-07-11,1.53
2020-07-12,1.49
2020-07-13,1.5
2020-07-14,1.47
2020-07-15,1.47
2020-07-16,1.45
2020-07-17,1.45
2020-07-18,1.45
2020-07-19,1.44
2020-07-20,1.44
2020-07-21,1.5
2020-07-22,1.32
2020-07-23,1.32
2020-07-24,1.17
2020-07-25,1.19
2020-07-26,1.24
2020-07-27,2.25
2020-07-28,2.27
2020-07-29,2.28
2020-07-30,2.27
2020-07-31,2.28
2020-08-01,2.32
2020-08-02,2.65
2020-08-03,2.66
2020-08-04,2.65
2020-08-05,2.73
2020-08-06,2.71
2020-08-07,2.73
2020-08-08,2.69
2020-08-09,2.7
2020-08-10,2.69
2020-08-11,2.85
2020-08-12,2.85
2020-08-13,2.85
2020-08-14,2.84
2020-08-15,2.83
2020-08-16,2.83
2020-08-17,2.85
2020-08-18,2.93
2020-08-19,2.95
2020-08-20,2.94
2020-08-21,3.01
2020-08-22,3.01
2020-08-23,3.01
2020-08-24,3
2020-08-25,3.08
2020-08-26,2.39
2020-08-27,2.39
2020-08-28,2.4
2020-08-29,2.4
2020-08-30,2.4
2020-08-31,2.29
2020-09-01,2
2020-09-02,2.16
2020-09-03,2.91
2020-09-04,2.82
2020-09-05,2.85
2020-09-06,2.85
2020-09-07,2.84
2020-09-08,2.87
2020-09-09,2.85
2020-09-10,2.77
2020-09-11,2.74
2020-09-12,2.72
2020-09-13,2.73
2020-09-14,2.8
2020-09-15,2.81
2020-09-16,2.76
2020-09-17,2.72
2020-09-18,2.71
2020-09-19,2.72
2020-09-20,2.68
2020-09-21,2.78
2020-09-22,2.79
2020-09-23,2.81
2020-09-24,2.9
2020-09-25,2.89
2020-09-26,2.88
2020-09-27,2.87
2020-09-28,2.87
2020-09-29,2.85
2020-09-30,2.85
2020-10-01,2.82
2020-10-02,2.71
2020-10-03,1.88
2020-10-04,1.8
2020-10-05,1.74
2020-10-06,1.77
2020-10-07,1.76
2020-10-08,1.74
2020-10-09,1.75
2020-10-10,1.77
2020-10-11,1.77
2020-10-12,1.79
2020-10-13,1.78
2020-10-14,1.69
2020-10-15,1.68
2020-10-16,1.69
2020-10-17,1.69
2020-10-18,1.7
2020-10-19,1.73
2020-10-20,1.71
2020-10-21,1.92
2020-10-22,1.92
2020-10-23,1.82
2020-10-24,1.67
2020-10-25,1.68
2020-10-26,1.68
2020-10-27,1.81
2020-10-28,1.89
2020-10-29,1.89
2020-10-30,1.87
2020-10-31,1.83
2020-11-01,1.82
2020-11-02,1.86
2020-11-03,1.91
2020-11-04,1.91
2020-11-05,2.45
2020-11-06,2.46
2020-11-07,2.67
2020-11-08,2.74
2020-11-09,2.76
2020-11-10,2.77
2020-11-11,2.78
2020-11-12,2.79
2020-11-13,2.79
2020-11-14,2.83
2020-11-15,2.81
2020-11-16,2.87
2020-11-17,2.98
2020-11-18,2.98
2020-11-19,2.99
2020-11-20,2.84
2020-11-21,2.85
2020-11-22,2.88
2020-11-23,2.89
2020-11-24,2.92
2020-11-25,2.97
2020-11-26,3.36
2020-11-27,3.3
2020-11-28,3.33
2020-11-29,3.34
2020-11-30,3.58
2020-12-01,3.72
2020-12-02,3.69
2020-12-03,3.67
2020-12-04,3.79
2020-12-05,3.42
2020-12-06,3.42
2020-12-07,3.29
2020-12-08,3.36
2020-12-09,3.35
2020-12-10,3.37
2020-12-11,3.37
2020-12-12,3.38
2020-12-13,3.39
2020-12-14,3.37
2020-12-15,3.36
2020-12-16,3.65
2020-12-17,3.71
2020-12-18,3.71
2020-12-19,3.72
2020-12-20,3.69
2020-12-21,3.75
2020-12-22,3.8
2020-12-23,3.84
2020-12-24,3.8
2020-12-25,3.81
2020-12-26,3.56
2020-12-27,3.56
2020-12-28,3.56
2020-12-29,3.56
2020-12-30,3.42
2020-12-31,3.26
2021-01-01,3.25
2021-01-02,3.57
2021-01-03,3.4
2021-01-04,3.51
2021-01-05,3.6
2021-01-06,3.72
2021-01-07,3.6
2021-01-08,3.59
2021-01-09,3.56
2021-01-10,3.75
2021-01-11,4.14
2021-01-12,4.27
2021-01-13,4.47
2021-01-14,4.48
2021-01-15,4.53
2021-01-16,4.49
2021-01-17,4.5
2021-01-18,4.5
2021-01-19,4.51
2021-01-20,4.46
2021-01-21,5.13
2021-01-22,5.2
2021-01-23,5.25
2021-01-24,5.22
2021-01-25,5.11
2021-01-26,5.1
2021-01-27,5.25
2021-01-28,5.5
2021-01-29,5.43
2021-01-30,5.43
2021-01-31,5.48
2021-02-01,5.22
2021-02-02,5.31
2021-02-03,5.36
2021-02-04,5.28
2021-02-05,5.11
2021-02-06,4.97
2021-02-07,4.95
2021-02-08,6.07
2021-02-09,5.98
2021-02-10,5.84
2021-02-11,5.88
2021-02-12,5.69
2021-02-13,5.65
2021-02-14,5.52
2021-02-15,5.51
2021-02-16,5.51
2021-02-17,5.57
2021-02-18,5.55
2021-02-19,5.67
2021-02-20,4.98
2021-02-21,4.9
2021-02-22,5.02
2021-02-23,5.43
2021-02-24,5.42
2021-02-25,5.55
2021-02-26,5.39
2021-02-27,5.18
2021-02-28,5.21
2021-03-01,5.42
2021-03-02,5.38
2021-03-03,5.4
2021-03-04,5.42
2021-03-05,5.35
2021-03-06,5.33
2021-03-07,5.34
2021-03-08,5.34
2021-03-09,5.37
2021-03-10,4.17
2021-03-11,4.19
2021-03-12,4.13
2021-03-13,4.12
2021-03-14,4.18
2021-03-15,4.33
2021-03-16,4.32
2021-03-17,4.33
2021-03-18,4.35
2021-03-19,4.23
2021-03-20,4.23
2021-03-21,3.98
2021-03-22,4.11
2021-03-23,4.08
2021-03-24,4
2021-03-25,3.61
2021-03-26,3.8
2021-03-27,3.66
2021-03-28,3.64
2021-03-29,3.67
2021-03-30,3.64
2021-03-31,3.28
2021-04-01,3.24
2021-04-02,3.19
2021-04-03,3.15
2021-04-04,3.17
2021-04-05,3.17
2021-04-06,3.13
2021-04-07,3.18
2021-04-08,3.13
2021-04-09,3.12
2021-04-10,3.1
2021-04-11,3.09
2021-04-12,2.84
2021-04-13,2.96
2021-04-14,2.77
2021-04-15,2.75
2021-04-16,2.75
2021-04-17,2.76
2021-04-18,2.99
2021-04-19,2.99
2021-04-20,3
2021-04-21,2.95
2021-04-22,3.02
2021-04-23,2.95
2021-04-24,2.96
2021-04-25,2.66
2021-04-26,3.24
2021-04-27,3.26
2021-04-28,3.2
2021-04-29,3.2
2021-04-30,3.5
2021-05-01,3.5
2021-05-02,3.51
2021-05-03,3.47
2021-05-04,3.66
2021-05-05,3.93
2021-05-06,3.93
2021-05-07,3.88
2021-05-08,3.85
2021-05-09,3.86
2021-05-10,3.9
2021-05-11,3.91
2021-05-12,4.5
2021-05-13,4.33
2021-05-14,4.34
2021-05-15,4.44
2021-05-16,4.42
2021-05-17,4.54
2021-05-18,4.43
2021-05-19,5.05
2021-05-20,5.45
2021-05-21,5.55
2021-05-22,5.53
2021-05-23,5.66
2021-05-24,6.11
2021-05-25,6.11
2021-05-26,5.81
2021-05-27,5.79
2021-05-28,5.9
2021-05-29,5.91
2021-05-30,5.73
2021-05-31,5.83
2021-06-01,5.83
2021-06-02,5.85
2021-06-03,5.84
2021-06-04,5.68
2021-06-05,5.69
2021-06-06,5.68
2021-06-07,5.69
2021-06-08,5.69
2021-06-09,6.16
2021-06-10,6.14
2021-06-11,5.79
2021-06-12,5.83
2021-06-13,6.13
2021-06-14,6.1
2021-06-15,6.1
2021-06-16,6.04
2021-06-17,6.03
2021-06-18,5.54
2021-06-19,5.2
2021-06-20,5
2021-06-21,5.38
2021-06-22,5.24
2021-06-23,4.8
2021-06-24,4.83
2021-06-25,5.05
2021-06-26,5.07
2021-06-27,5.09
2021-06-28,5.06
2021-06-29,5.08
2021-06-30,5.03
2021-07-01,5.08
2021-07-02,5.06
2021-07-03,5.02
2021-07-04,4.91
2021-07-05,4.94
2021-07-06,4.95
2021-07-07,4.82
2021-07-08,4.85
2021-07-09,4.37
2021-07-10,4.36
2021-07-11,4.37
2021-07-12,4.33
2021-07-13,3.93
2021-07-14,3.85
2021-07-15,3.87
2021-07-16,3.81
2021-07-17,3.81
2021-07-18,3.69
2021-07-19,3.72
2021-07-20,3.75
2021-07-21,3.52
2021-07-22,3.49
2021-07-23,3.51
2021-07-24,3.49
2021-07-25,3.12
2021-07-26,3.22
2021-07-27,3.12
2021-07-28,3.12
2021-07-29,3.05
2021-07-30,3.13
2021-07-31,3.03
2021-08-01,3.14
2021-08-02,3.14
2021-08-03,3.18
2021-08-04,3.11
2021-08-05,3.13
2021-08-06,3.2
2021-08-07,3.16
2021-08-08,3.19
2021-08-09,3.28
2021-08-10,3.31
2021-08-11,3.21
2021-08-12,3.25
2021-08-13,3.46
2021-08-14,3.42
2021-08-15,3.39
2021-08-16,3.45
2021-08-17,3.52
2021-08-18,3.44
2021-08-19,3.38
2021-08-20,3.25
2021-08-21,3.28
2021-08-22,3.24
2021-08-23,3.24
2021-08-24,3.34
2021-08-25,3.27
2021-08-26,3.27
2021-08-27,3.35
2021-08-28,3.35
2021-08-29,3.24
2021-08-30,3.3
2021-08-31,3.21
2021-09-01,3.22
2021-09-02,3.16
2021-09-03,3.11
2021-09-04,3.09
2021-09-05,3.05
2021-09-06,3
2021-09-07,3.64
2021-09-08,3.51
2021-09-09,3.5
2021-09-10,3.55
2021-09-11,3.53
2021-09-12,3.25
2021-09-13,3.27
2021-09-14,3.39
2021-09-15,3.38
2021-09-16,3.34
2021-09-17,3.35
2021-09-18,3.27
2021-09-19,3.14
2021-09-20,3.52
2021-09-21,3.62
2021-09-22,3.86
2021-09-23,3.85
2021-09-24,3.9
2021-09-25,3.82
2021-09-26,3.72
2021-09-27,3.73
2021-09-28,3.76
2021-09-29,3.72
2021-09-30,3.86
2021-10-01,4.22
2021-10-02,4.22
2021-10-03,4.21
2021-10-04,4.23
2021-10-05,4.26
2021-10-06,4.45
2021-10-07,3.97
2021-10-08,3.95
2021-10-09,3.96
2021-10-10,3.9
2021-10-11,3.97
2021-10-12,4.02
2021-10-13,3.99
2021-10-14,3.92
2021-10-15,4.1
2021-10-16,4.11
2021-10-17,4.09
2021-10-18,4.09
2021-10-19,4.07
2021-10-20,3.63
2021-10-21,3.66
2021-10-22,3.58
2021-10-23,3.56
2021-10-24,3.42
2021-10-25,3.44
2021-10-26,3.59
2021-10-27,3.62
2021-10-28,3.58
2021-10-29,3.58
2021-10-30,3.52
2021-10-31,3.15
2021-11-01,3.14
2021-11-02,3.19
2021-11-03,3.19
2021-11-04,3.16
2021-11-05,2.91
2021-11-06,2.85
2021-11-07,2.88
2021-11-08,3.08
2021-11-09,3.08
2021-11-10,3.04
2021-11-11,2.99
2021-11-12,2.99
2021-11-13,2.98
2021-11-14,2.69
2021-11-15,2.74
2021-11-16,2.91
2021-11-17,2.91
2021-11-18,2.99
2021-11-19,2.97
2021-11-20,2.85
2021-11-21,2.84
2021-11-22,2.92
2021-11-23,2.96
2021-11-24,2.87
2021-11-25,2.83
2021-11-26,3.2
2021-11-27,3.14
2021-11-28,3.22
2021-11-29,3.22
2021-11-30,3.23
2021-12-01,3.23
2021-12-02,3.15
2021-12-03,3.26
2021-12-04,3.53
2021-12-05,3.54
2021-12-06,3.56
2021-12-07,3.51
2021-12-08,3.23
2021-12-09,3.35
2021-12-10,3.32
2021-12-11,3.48
2021-12-12,3.5
2021-12-13,3.65
2021-12-14,3.71
2021-12-15,3.71
2021-12-16,3.62
2021-12-17,3.64
2021-12-18,3.55
2021-12-19,3.51
2021-12-20,3.46
2021-12-21,3.57
2021-12-22,3.51
2021-12-23,3.59
2021-12-24,3.59
2021-12-25,3.52
2021-12-26,3.17
2021-12-27,3.15
2021-12-28,3.2
2021-12-29,3.2
2021-12-30,3.22
2021-12-31,3.22
2022-01-01,3.3
2022-01-02,3.19
2022-01-03,2.85
2022-01-04,2.86
2022-01-05,2.96
2022-01-06,2.96
2022-01-07,3.01
2022-01-08,2.86
2022-01-09,2.86
2022-01-10,2.7
2022-01-11,2.72
2022-01-12,2.52
2022-01-13,2.48
2022-01-14,2.48
2022-01-15,2.45
2022-01-16,2.39
2022-01-17,2.39
2022-01-18,2.39
2022-01-19,2.4
2022-01-20,2.27
2022-01-21,2.87
2022-01-22,2.72
2022-01-23,2.84
2022-01-24,2.87
2022-01-25,2.87
2022-01-26,2.86
2022-01-27,2.72
2022-01-28,2.73
2022-01-29,2.72
2022-01-30,2.71
2022-01-31,2.64
2022-02-01,2.65
2022-02-02,2.74
2022-02-03,2.76
2022-02-04,3.37
2022-02-05,3.37
2022-02-06,3.33
2022-02-07,3.39
2022-02-08,3.39
2022-02-09,3.39
2022-02-10,3.39
2022-02-11,3.39
2022-02-12,3.35
2022-02-13,3.34
2022-02-14,3.34
2022-02-15,3.45
2022-02-16,3.44
2022-02-17,3.71
2022-02-18,3.71
2022-02-19,3.68
2022-02-20,3.24
2022-02-21,3.24
2022-02-22,3.23
2022-02-23,3.27
2022-02-24,3.3
2022-02-25,3.32
2022-02-26,3.32
2022-02-27,3.38
2022-02-28,4.26
2022-03-01,4.27
2022-03-02,4.28
2022-03-03,4.34
2022-03-04,4.49
2022-03-05,4.49
2022-03-06,4.02
2022-03-07,4.02
2022-03-08,4.01
2022-03-09,4.25
2022-03-10,4.38
2022-03-11,4.38
2022-03-12,4.37
2022-03-13,4.37
2022-03-14,4.48
2022-03-15,4.48
2022-03-16,4.56
2022-03-17,4.47
2022-03-18,4.48
2022-03-19,4.26
2022-03-20,4.28
2022-03-21,4.28
2022-03-22,4.24
2022-03-23,4.17
2022-03-24,4.16
2022-03-25,4.12
2022-03-26,4.1
2022-03-27,4.17
2022-03-28,4.17
2022-03-29,4.09
2022-03-30,3.22
2022-03-31,3.24
2022-04-01,3.25
2022-04-02,3.19
2022-04-03,2.81
2022-04-04,2.81
2022-04-05,2.81
2022-04-06,2.97
2022-04-07,2.96
2022-04-08,2.63
2022-04-09,2.39
2022-04-10,2.37
2022-04-11,2.65
2022-04-12,2.6
2022-04-13,2.48
2022-04-14,2.54
2022-04-15,2.41
2022-04-16,2.41
2022-04-17,2.4
2022-04-18,2.45
2022-04-19,2.44
2022-04-20,2.44
2022-04-21,2.39
2022-04-22,2.4
2022-04-23,2.34
2022-04-24,2.33
2022-04-25,2.38
2022-04-26,2.36
2022-04-27,2.44
2022-04-28,2.45
2022-04-29,2.49
2022-04-30,2.46
2022-05-01,2.48
2022-05-02,2.48
2022-05-03,2.47
2022-05-04,2.68
2022-05-05,2.98
2022-05-06,2.87
2022-05-07,2.86
2022-05-08,2.91
2022-05-09,3.48
2022-05-10,3.56
2022-05-11,3.55
2022-05-12,3.53
2022-05-13,3.48
2022-05-14,3.53
2022-05-15,3.61
2022-05-16,3.68
2022-05-17,3.71
2022-05-18,3.75
2022-05-19,3.91
2022-05-20,3.94
2022-05-21,3.95
2022-05-22,4.01
2022-05-23,4.05
2022-05-24,4.07
2022-05-25,4.03
2022-05-26,3.93
2022-05-27,3.87
2022-05-28,3.87
2022-05-29,3.88
2022-05-30,4.15
2022-05-31,4.12
2022-06-01,4.24
2022-06-02,4.27
2022-06-03,4.14
2022-06-04,3.93
2022-06-05,3.93
2022-06-06,4.04
2022-06-07,3.99
2022-06-08,3.43
2022-06-09,3.38
2022-06-10,3.25
2022-06-11,3.28
2022-06-12,3.46
2022-06-13,4.37
2022-06-14,4.27
2022-06-15,4.25
2022-06-16,4.51
2022-06-17,4.43
2022-06-18,4.38
2022-06-19,4.7
2022-06-20,4.69
2022-06-21,4.64
2022-06-22,4.64
2022-06-23,4.77
2022-06-24,4.77
2022-06-25,4.79
2022-06-26,4.79
2022-06-27,4.77
2022-06-28,4.75
2022-06-29,4.47
2022-06-30,4.46
2022-07-01,4.39
2022-07-02,4.34
2022-07-03,4.35
2022-07-04,4.48
2022-07-05,4.47
2022-07-06,4.37
2022-07-07,4.52
2022-07-08,4.51
2022-07-09,4.51
2022-07-10,4.51
2022-07-11,4.55
2022-07-12,4.46
2022-07-13,3.68
2022-07-14,3.69
2022-07-15,3.67
2022-07-16,3.24
2022-07-17,3.26
2022-07-18,3.27
2022-07-19,3.02
2022-07-20,3.02
2022-07-21,3.02
2022-07-22,2.97
2022-07-23,2.82
2022-07-24,2.82
2022-07-25,3.01
2022-07-26,2.98
2022-07-27,3.28
2022-07-28,3.3
2022-07-29,3.29
2022-07-30,3.29
2022-07-31,3.23
2022-08-01,3.23
2022-08-02,3.25
2022-08-03,3.17
2022-08-04,3.17
2022-08-05,3.2
2022-08-06,3.1
2022-08-07,3.1
2022-08-08,3.13
2022-08-09,3.12
2022-08-10,3.03
2022-08-11,2.95
2022-08-12,2.86
2022-08-13,2.86
2022-08-14,2.86
2022-08-15,2.86
2022-08-16,2.84
2022-08-17,2.52
2022-08-18,2.4
2022-08-19,3.02
2022-08-20,3.03
2022-08-21,3.04
2022-08-22,3.03
2022-08-23,3.03
2022-08-24,2.86
2022-08-25,2.86
2022-08-26,2.68
2022-08-27,2.56
2022-08-28,2.58
2022-08-29,2.69
2022-08-30,2.71
2022-08-31,2.73
2022-09-01,2.73
2022-09-02,2.73
2022-09-03,2.73
2022-09-04,2.66
2022-09-05,2.65
2022-09-06,2.76
2022-09-07,2.75
2022-09-08,2.73
2022-09-09,3.31
2022-09-10,3.33
2022-09-11,3.31
2022-09-12,3.35
2022-09-13,3.77
2022-09-14,3.77
2022-09-15,3.79
2022-09-16,3.78
2022-09-17,3.8
2022-09-18,3.4
2022-09-19,3.39
2022-09-20,3.41
2022-09-21,3.43
2022-09-22,3.57
2022-09-23,3.57
2022-09-24,3.57
2022-09-25,3.41
2022-09-26,3.43
2022-09-27,3.41
2022-09-28,3.35
2022-09-29,3.33
2022-09-30,3.33
2022-10-01,3.33
2022-10-02,3.33
2022-10-03,3.38
2022-10-04,3.43
2022-10-05,3.43
2022-10-06,3.3
2022-10-07,3.3
2022-10-08,3.3
2022-10-09,2.66
2022-10-10,2.66
2022-10-11,2.65
2022-10-12,2.6
2022-10-13,1.93
2022-10-14,1.94
2022-10-15,1.89
2022-10-16,1.9
2022-10-17,1.89
2022-10-18,1.79
2022-10-19,1.8
2022-10-20,1.69
2022-10-21,1.64
2022-10-22,1.37
2022-10-23,1.4
2022-10-24,1.38
2022-10-25,1.54
2022-10-26,1.6
2022-10-27,1.66
2022-10-28,1.66
2022-10-29,1.66
2022-10-30,1.66
2022-10-31,1.66
2022-11-01,1.64
2022-11-02,1.59
2022-11-03,1.46
2022-11-04,1.67
2022-11-05,1.66
2022-11-06,1.64
2022-11-07,1.67
2022-11-08,2.47
2022-11-09,3.53
2022-11-10,4.04
2022-11-11,4.07
2022-11-12,4.06
2022-11-13,4.08
2022-11-14,4.1
2022-11-15,4.11
2022-11-16,4.1
2022-11-17,4.1
2022-11-18,4.1
2022-11-19,4.1
2022-11-20,4.11
2022-11-21,4.14
2022-11-22,4.16
2022-11-23,4.19
2022-11-24,4.11
2022-11-25,4.05
2022-11-26,4.04
2022-11-27,4.02
2022-11-28,4.01
2022-11-29,4.02
2022-11-30,4.13
2022-12-01,4.13
2022-12-02,4.13
2022-12-03,4.13
2022-12-04,4.03
2022-12-05,4.02
2022-12-06,4.03
2022-12-07,4.03
2022-12-08,3.66
2022-12-09,2.58
2022-12-10,1.77
2022-12-11,1.69
2022-12-12,1.67
2022-12-13,1.67
2022-12-14,1.65
2022-12-15,1.7
2022-12-16,1.85
2022-12-17,1.86
2022-12-18,1.86
2022-12-19,1.89
2022-12-20,1.9
2022-12-21,1.81
2022-12-22,1.74
2022-12-23,1.69
2022-12-24,1.69
2022-12-25,1.69
2022-12-26,1.69
2022-12-27,1.71
2022-12-28,1.7
2022-12-29,1.68
2022-12-30,1.47
2022-12-31,1.46
2023-01-01,1.46
2023-01-02,1.44
2023-01-03,1.42
2023-01-04,1.43
2023-01-05,1.42
2023-01-06,1.4
2023-01-07,1.33
2023-01-08,1.34
2023-01-09,1.34
2023-01-10,1.37
2023-01-11,1.46
2023-01-12,1.61
2023-01-13,1.89
2023-01-14,2
2023-01-15,1.79
2023-01-16,1.8
2023-01-17,1.8
2023-01-18,1.82
2023-01-19,1.79
2023-01-20,2.15
2023-01-21,2.14
2023-01-22,2.14
2023-01-23,2.14
2023-01-24,2.17
2023-01-25,2.17
2023-01-26,2.14
2023-01-27,2.11
2023-01-28,2.12
2023-01-29,2.14
2023-01-30,2.31
2023-01-31,2.31
2023-02-01,2.31
2023-02-02,2.34
2023-02-03,2.35
2023-02-04,2.36
2023-02-05,2.41
2023-02-06,2.42
2023-02-07,2.43
2023-02-08,2.46
2023-02-09,2.69
2023-02-10,2.67
2023-02-11,2.55
2023-02-12,2.36
2023-02-13,2.19
2023-02-14,2.21
2023-02-15,2.76
2023-02-16,2.84
2023-02-17,2.89
2023-02-18,2.88
2023-02-19,2.6
2023-02-20,2.62
2023-02-21,2.64
2023-02-22,2.65
2023-02-23,2.64
2023-02-24,2.69
2023-02-25,2.69
2023-02-26,2.71
2023-02-27,2.71
2023-02-28,2.66
2023-03-01,2.6
2023-03-02,2.59
2023-03-03,2.69
2023-03-04,2.68
2023-03-05,2.69
2023-03-06,2.68
2023-03-07,2.67
2023-03-08,2.7
2023-03-09,2.87
2023-03-10,2.87
2023-03-11,2.75
2023-03-12,3.08
2023-03-13,3.51
2023-03-14,3.52
2023-03-15,3.54
2023-03-16,3.56
2023-03-17,3.53
2023-03-18,3.48
2023-03-19,3.46
2023-03-20,3.46
2023-03-21,3.45
2023-03-22,3.49
2023-03-23,3.53
2023-03-24,3.57
2023-03-25,3.56
2023-03-26,3.51
2023-03-27,3.57
2023-03-28,3.56
2023-03-29,3.61
2023-03-30,3.6
2023-03-31,3.6
2023-04-01,3.59
2023-04-02,3.46
2023-04-03,3.48
2023-04-04,3.48
2023-04-05,3.48
2023-04-06,3.47
2023-04-07,3.43
2023-04-08,3.18
2023-04-09,3.16
2023-04-10,3.22
2023-04-11,3.01
2023-04-12,2.59
2023-04-13,2.58
2023-04-14,2.55
2023-04-15,2.53
2023-04-16,1.97
2023-04-17,2.02
2023-04-18,1.99
2023-04-19,2.21
2023-04-20,2.23
2023-04-21,2.25
2023-04-22,2.17
2023-04-23,2.1
2023-04-24,2.11
2023-04-25,2.14
2023-04-26,2.06
2023-04-27,2.16
2023-04-28,2.05
2023-04-29,2.04
2023-04-30,2.02
2023-05-01,2.15
2023-05-02,2.18
2023-05-03,2.17
2023-05-04,2.16
2023-05-05,2.2
2023-05-06,2.24
2023-05-07,2.25
2023-05-08,2.31
2023-05-09,2.29
2023-05-10,2.13
2023-05-11,2.12
2023-05-12,2.11
2023-05-13,2.08
2023-05-14,2.08
2023-05-15,2.1
2023-05-16,2.1
2023-05-17,2.07
2023-05-18,1.99
2023-05-19,1.78
2023-05-20,1.76
2023-05-21,1.67
2023-05-22,1.63
2023-05-23,1.65
2023-05-24,1.75
2023-05-25,1.66
2023-05-26,1.67
2023-05-27,1.51
2023-05-28,1.74
2023-05-29,1.75
2023-05-30,1.75
2023-05-31,1.63
2023-06-01,1.6
2023-06-02,1.61
2023-06-03,1.61
2023-06-04,1.54
2023-06-05,1.74
2023-06-06,2.05
2023-06-07,2.07
2023-06-08,2.08
2023-06-09,2.08
2023-06-10,2.08
2023-06-11,2.08
2023-06-12,2.08
2023-06-13,2.08
2023-06-14,2.14
2023-06-15,2.17
2023-06-16,2.22
2023-06-17,2.2
2023-06-18,2.2
2023-06-19,2.22
2023-06-20,2.41
2023-06-21,2.62
2023-06-22,2.62
2023-06-23,2.56
2023-06-24,2.57
2023-06-25,2.57
2023-06-26,2.58
2023-06-27,2.48
2023-06-28,2.5
2023-06-29,2.5
2023-06-30,2.47
2023-07-01,2.45
2023-07-02,2.44
2023-07-03,2.44
2023-07-04,2.46
2023-07-05,2.25
2023-07-06,2.07
2023-07-07,1.97
2023-07-08,1.98
2023-07-09,1.98
2023-07-10,1.91
2023-07-11,1.91
2023-07-12,1.92
2023-07-13,1.99
2023-07-14,2.03
2023-07-15,2.02
2023-07-16,1.98
2023-07-17,1.98
2023-07-18,1.99
2023-07-19,1.97
2023-07-20,1.73
2023-07-21,1.37
2023-07-22,1.37
2023-07-23,1.29
2023-07-24,1.39
2023-07-25,1.39
2023-07-26,1.39
2023-07-27,1.36
2023-07-28,1.32
2023-07-29,1.3
2023-07-30,1.3
2023-07-31,1.29
2023-08-01,1.33
2023-08-02,1.32
2023-08-03,1.31
2023-08-04,1.3
2023-08-05,1.26
2023-08-06,1.22
2023-08-07,1.23
2023-08-08,1.28
2023-08-09,1.27
2023-08-10,1.27
2023-08-11,1.26
2023-08-12,1.07
2023-08-13,0.86
2023-08-14,0.86
2023-08-15,0.87
2023-08-16,0.91
2023-08-17,1.57
2023-08-18,1.59
2023-08-19,1.6
2023-08-20,1.6
2023-08-21,1.6
2023-08-22,1.58
2023-08-23,1.55
2023-08-24,1.55
2023-08-25,1.54
2023-08-26,1.54
2023-08-27,1.54
2023-08-28,1.54
2023-08-29,1.93
2023-08-30,1.95
2023-08-31,2.1
2023-09-01,2.08
2023-09-02,2.08
2023-09-03,2.09
2023-09-04,2.09
2023-09-05,2.09
2023-09-06,2.08
2023-09-07,2.08
2023-09-08,2.09
2023-09-09,2.09
2023-09-10,2.09
2023-09-11,2.12
2023-09-12,2.2
2023-09-13,2.22
2023-09-14,2.23
2023-09-15,2.22
2023-09-16,1.79
2023-09-17,1.75
2023-09-18,1.76
2023-09-19,1.78
2023-09-20,1.78
2023-09-21,1.82
2023-09-22,1.8
2023-09-23,1.79
2023-09-24,1.8
2023-09-25,1.8
2023-09-26,1.8
2023-09-27,1.81
2023-09-28,1.49
2023-09-29,1.46
2023-09-30,1.14
2023-10-01,1.31
2023-10-02,1.36
2023-10-03,1.37
2023-10-04,1.37
2023-10-05,1.41
2023-10-06,1.44
2023-10-07,1.41
2023-10-08,1.38
2023-10-09,1.4
2023-10-10,1.41
2023-10-11,1.37
2023-10-12,1.29
2023-10-13,1.27
2023-10-14,1.25
2023-10-15,1.27
2023-10-16,1.54
2023-10-17,1.55
2023-10-18,1.54
2023-10-19,1.54
2023-10-20,1.63
2023-10-21,1.57
2023-10-22,1.57
2023-10-23,2.35
2023-10-24,2.35
2023-10-25,2.34
2023-10-26,2.36
2023-10-27,2.38
2023-10-28,2.36
2023-10-29,2.35
2023-10-30,2.35
2023-10-31,2.29
2023-11-01,2.25
2023-11-02,2.28
2023-11-03,2.29
2023-11-04,2.25
2023-11-05,2.25
2023-11-06,2.25
2023-11-07,2.25
2023-11-08,2.22
2023-11-09,2.23
2023-11-10,2.16
2023-11-11,2.17
2023-11-12,2.17
2023-11-13,2.21
2023-11-14,2.31
2023-11-15,2.41
2023-11-16,2.59
2023-11-17,2.59
2023-11-18,2.59
2023-11-19,2.56
2023-11-20,2.57
2023-11-21,2.74
2023-11-22,2.22
2023-11-23,2.19
2023-11-24,2.18
2023-11-25,2.17
2023-11-26,2.17
2023-11-27,2.18
2023-11-28,2.18
2023-11-29,2.18
2023-11-30,2.18
2023-12-01,2.19
2023-12-02,2.18
2023-12-03,2.18
2023-12-04,2.32
2023-12-05,2.46
2023-12-06,2.47
2023-12-07,2.5
2023-12-08,2.51
2023-12-09,2.49
2023-12-10,2.49
2023-12-11,2.73
2023-12-12,2.73
2023-12-13,2.75
2023-12-14,2.69
2023-12-15,2.52
2023-12-16,2.35
2023-12-17,2.4
2023-12-18,2.44
2023-12-19,2.43
2023-12-20,2.49
2023-12-21,2.3
2023-12-22,2.18
2023-12-23,2.19
2023-12-24,2.22
2023-12-25,2.23
2023-12-26,2.28
2023-12-27,2.29
2023-12-28,2.33
2023-12-29,2.34
2023-12-30,2.34
2023-12-31,2.31
2024-01-01,2.4
2024-01-02,2.41
2024-01-03,2.43
2024-01-04,2.31
2024-01-05,2.3
2024-01-06,2.3
2024-01-07,2.27
2024-01-08,2.56
2024-01-09,2.59
2024-01-10,2.34
2024-01-11,2.35
2024-01-12,2.69
2024-01-13,2.69
2024-01-14,2.69
2024-01-15,2.71
2024-01-16,2.69
2024-01-17,2.64
2024-01-18,2.71
2024-01-19,2.65
2024-01-20,2.64
2024-01-21,2.64
2024-01-22,2.78
2024-01-23,2.77
2024-01-24,2.76
2024-01-25,2.73
2024-01-26,2.83
2024-01-27,2.82
2024-01-28,2.81
2024-01-29,2.86
2024-01-30,2.86
2024-01-31,2.75
2024-02-01,2.74
2024-02-02,2.6
2024-02-03,2.54
2024-02-04,2.54
2024-02-05,2.54
2024-02-06,2.55
2024-02-07,2.29
2024-02-08,2.3
2024-02-09,2.41
2024-02-10,2.42
2024-02-11,1.95
2024-02-12,2.02
2024-02-13,1.94
2024-02-14,2.02
2024-02-15,2.02
2024-02-16,2
2024-02-17,1.88
2024-02-18,1.88
2024-02-19,1.89
2024-02-20,1.88
2024-02-21,1.58
2024-02-22,1.62
2024-02-23,1.66
2024-02-24,1.65
2024-02-25,1.5
2024-02-26,1.7
2024-02-27,1.83
2024-02-28,2.34
2024-02-29,2.39
2024-03-01,2.36
2024-03-02,2.38
2024-03-03,2.38
2024-03-04,2.63
2024-03-05,2.96
2024-03-06,2.98
2024-03-07,2.98
2024-03-08,2.97
2024-03-09,2.97
2024-03-10,2.93
2024-03-11,2.98
2024-03-12,3.01
2024-03-13,3
2024-03-14,3.05
2024-03-15,3.08
2024-03-16,3.33
2024-03-17,3.41
2024-03-18,3.42
2024-03-19,3.79
2024-03-20,4.1
2024-03-21,4.18
2024-03-22,4.22
2024-03-23,4.21
2024-03-24,4.26
2024-03-25,4.28
2024-03-26,4.28
2024-03-27,4.23
2024-03-28,4.17
2024-03-29,3.87
2024-03-30,3.84
2024-03-31,3.85
2024-04-01,3.88
2024-04-02,4.04
2024-04-03,3.78
2024-04-04,3.66
2024-04-05,3.61
2024-04-06,3.62
2024-04-07,3.61
2024-04-08,3.65
2024-04-09,3.71
2024-04-10,3.65
2024-04-11,3.65
2024-04-12,3.7
2024-04-13,3.76
2024-04-14,3.78
2024-04-15,3.67
2024-04-16,3.56
2024-04-17,3.62
2024-04-18,3.36
2024-04-19,2.88
2024-04-20,2.83
2024-04-21,2.79
2024-04-22,2.83
2024-04-23,2.68
2024-04-24,2.65
2024-04-25,2.65
2024-04-26,2.65
2024-04-27,2.62
2024-04-28,2.62
2024-04-29,2.63
2024-04-30,2.7
2024-05-01,2.76
2024-05-02,2.58
2024-05-03,2.84
2024-05-04,2.76
2024-05-05,2.76
2024-05-06,2.75
2024-05-07,2.75
2024-05-08,2.68
2024-05-09,2.69
2024-05-10,2.72
2024-05-11,2.73
2024-05-12,2.64
2024-05-13,2.55
2024-05-14,2.52
2024-05-15,2.8
2024-05-16,2.82
2024-05-17,2.76
2024-05-18,2.69
2024-05-19,2.7
2024-05-20,3.01
2024-05-21,3.03
2024-05-22,3.01
2024-05-23,3.02
2024-05-24,2.96
2024-05-25,2.96
2024-05-26,2.97
2024-05-27,2.97
2024-05-28,2.98
2024-05-29,2.99
2024-05-30,2.84
2024-05-31,2.74
2024-06-01,2.73
2024-06-02,2.51
2024-06-03,2.5
2024-06-04,2.54
2024-06-05,2.52
2024-06-06,2.5
2024-06-07,2.51
2024-06-08,2.46
2024-06-09,2.34
2024-06-10,2.34
2024-06-11,2.42
2024-06-12,2.41
2024-06-13,2.41
2024-06-14,2.01
2024-06-15,1.99
2024-06-16,1.92
2024-06-17,1.92
2024-06-18,1.95
2024-06-19,1.32
2024-06-20,1.29
2024-06-21,1.28
2024-06-22,1.26
2024-06-23,1.27
2024-06-24,1.47
2024-06-25,1.55
2024-06-26,1.53
2024-06-27,1.56
2024-06-28,1.58
2024-06-29,1.58
2024-06-30,1.68
2024-07-01,1.67
2024-07-02,1.68
2024-07-03,1.72
2024-07-04,1.84
2024-07-05,1.82
2024-07-06,1.92
2024-07-07,2
2024-07-08,2.03
2024-07-09,2.09
2024-07-10,2.09
2024-07-11,2.04
2024-07-12,2.03
2024-07-13,2.06
2024-07-14,2.13
2024-07-15,2.45
2024-07-16,2.44
2024-07-17,2.46
2024-07-18,2.43
2024-07-19,2.55
2024-07-20,2.55
2024-07-21,2.55
2024-07-22,2.56
2024-07-23,2.58
2024-07-24,2.43
2024-07-25,2.4
2024-07-26,2.44
2024-07-27,2.43
2024-07-28,2.39
2024-07-29,2.43
2024-07-30,2.39
2024-07-31,2.44
2024-08-01,2.43
2024-08-02,2.62
2024-08-03,2.43
2024-08-04,2.56
2024-08-05,2.81
2024-08-06,2.8
2024-08-07,2.81
2024-08-08,3.52
2024-08-09,3.53
2024-08-10,3.53
2024-08-11,3.59
2024-08-12,3.57
2024-08-13,3.56
2024-08-14,3.4
2024-08-15,3.41
2024-08-16,3.44
2024-08-17,3.44
2024-08-18,3.35
2024-08-19,3.37
2024-08-20,3.35
2024-08-21,3.42
2024-08-22,3.41
2024-08-23,3.59
2024-08-24,3.58
2024-08-25,3.53
2024-08-26,3.55
2024-08-27,3.67
2024-08-28,3.65
2024-08-29,3.66
2024-08-30,3.63
2024-08-31,3.63
2024-09-01,3.5
2024-09-02,3.55
2024-09-03,3.5
2024-09-04,3.25
2024-09-05,3.24
2024-09-06,3.3
2024-09-07,2.45
2024-09-08,2.46
2024-09-09,2.56
2024-09-10,2.49
2024-09-11,2.49
2024-09-12,2.47
2024-09-13,2.51
2024-09-14,2.49
2024-09-15,2.47
2024-09-16,2.48
2024-09-17,2.54
2024-09-18,2.55
2024-09-19,2.57
2024-09-20,2.5
2024-09-21,2.48
2024-09-22,2.23
2024-09-23,2.23
2024-09-24,2.25
2024-09-25,2.24
2024-09-26,2.06
2024-09-27,2.06
2024-09-28,2.06
2024-09-29,2.06
2024-09-30,2.17
2024-10-01,2.23
2024-10-02,2.16
2024-10-03,2.09
2024-10-04,2.12
2024-10-05,2.03
2024-10-06,1.88
2024-10-07,1.9
2024-10-08,1.89
2024-10-09,1.86
2024-10-10,1.86
2024-10-11,1.96
2024-10-12,1.95
2024-10-13,1.83
2024-10-14,2.02
2024-10-15,2
2024-10-16,1.97
2024-10-17,1.89
2024-10-18,1.86
2024-10-19,1.84
2024-10-20,1.84
2024-10-21,1.91
2024-10-22,1.91
2024-10-23,1.92
2024-10-24,1.94
2024-10-25,1.95
2024-10-26,1.87
2024-10-27,1.88
2024-10-28,1.95
2024-10-29,2.05
2024-10-30,1.93
2024-10-31,1.86
2024-11-01,1.87
2024-11-02,1.88
2024-11-03,1.86
2024-11-04,1.89
2024-11-05,1.91
2024-11-06,2.42
2024-11-07,2.42
2024-11-08,2.35
2024-11-09,2.34
2024-11-10,2.39
2024-11-11,2.92
2024-11-12,2.92
2024-11-13,2.85
2024-11-14,2.96
2024-11-15,3.02
2024-11-16,3.02
2024-11-17,3.04
2024-11-18,3.03
2024-11-19,3.04
2024-11-20,2.98
2024-11-21,3.02
2024-11-22,3
2024-11-23,3.03
2024-11-24,2.97
2024-11-25,3.16
2024-11-26,3.18
2024-11-27,3.22
2024-11-28,3.18
2024-11-29,3.18
2024-11-30,3.12
2024-12-01,3.09
2024-12-02,3.12
2024-12-03,3.1
2024-12-04,3.08
2024-12-05,3.13
2024-12-06,2.81
2024-12-07,2.81
2024-12-08,2.81
2024-12-09,2.94
2024-12-10,2.86
2024-12-11,2.37
2024-12-12,2.38
2024-12-13,2.34
2024-12-14,2.23
2024-12-15,2.17
2024-12-16,2.17
2024-12-17,2.16
2024-12-18,2.42
2024-12-19,2.47
2024-12-20,2.44
2024-12-21,2.32
2024-12-22,2.35
2024-12-23,2.34
2024-12-24,2.45
2024-12-25,2.28
2024-12-26,2.37
2024-12-27,2.27
2024-12-28,2.28
2024-12-29,2.27
2024-12-30,2.27
2024-12-31,2.27
2025-01-01,2.26
2025-01-02,2.31
2025-01-03,2.26
2025-01-04,2.23
2025-01-05,2.16
2025-01-06,2.28
2025-01-07,2.45
2025-01-08,2.38
2025-01-09,2.42
2025-01-10,2.31
2025-01-11,2.3
2025-01-12,2.28
2025-01-13,2.28
2025-01-14,2.25
2025-01-15,2.35
2025-01-16,2.35
2025-01-17,2.25
2025-01-18,2.18
2025-01-19,2.26
2025-01-20,2.26
2025-01-21,2.31
2025-01-22,2.36
2025-01-23,2.26
2025-01-24,2.26
2025-01-25,2.15
2025-01-26,2.16
2025-01-27,2.16
2025-01-28,2.14
2025-01-29,2.16
2025-01-30,2.16
2025-01-31,2.2
2025-02-01,2.19
2025-02-02,2.26
2025-02-03,2.36
2025-02-04,2.44
2025-02-05,2.34
2025-02-06,2.14
2025-02-07,2.12
2025-02-08,2.06
2025-02-09,2.02
2025-02-10,2.02
2025-02-11,2.05
2025-02-12,2.08
2025-02-13,2.06
2025-02-14,1.94
2025-02-15,1.94
2025-02-16,1.79
2025-02-17,1.79
2025-02-18,1.71
2025-02-19,1.72
2025-02-20,1.58
2025-02-21,1.58
2025-02-22,1.58
2025-02-23,1.57
2025-02-24,1.75
2025-02-25,1.81
2025-02-26,1.98
2025-02-27,1.99
2025-02-28,1.92
2025-03-01,1.97
2025-03-02,2.64
2025-03-03,3.02
2025-03-04,2.99
2025-03-05,2.99
2025-03-06,2.94
2025-03-07,2.99
2025-03-08,2.99
2025-03-09,3.18
2025-03-10,3.2
2025-03-11,3.38
2025-03-12,3.38
2025-03-13,3.41
2025-03-14,3.45
2025-03-15,3.45
2025-03-16,3.46
2025-03-17,3.48
2025-03-18,3.48
2025-03-19,3.62
2025-03-20,3.65
2025-03-21,3.64
2025-03-22,3.62
2025-03-23,3.66
2025-03-24,3.67
2025-03-25,3.67
2025-03-26,3.58
2025-03-27,3.53
2025-03-28,3.46
2025-03-29,3.47
2025-03-30,3.47
2025-03-31,3.45
2025-04-01,3.04
2025-04-02,2.63
