Date,ahrtop Index
2010-03-07,0.102
2010-03-08,0.11
2010-03-09,0.114
2010-03-10,0.131
2010-03-11,0.118
2010-03-12,0.116
2010-03-13,0.133
2010-03-14,0.129
2010-03-15,0.097
2010-03-16,0.103
2010-03-17,0.116
2010-03-18,0.109
2010-03-19,0.133
2010-03-20,0.126
2010-03-21,0.137
2010-03-22,0.14
2010-03-23,0.126
2010-03-24,0.137
2010-03-25,0.147
2010-03-26,0.157
2010-03-27,0.157
2010-03-28,0.163
2010-03-29,0.174
2010-03-30,0.178
2010-03-31,0.184
2010-04-01,0.194
2010-04-02,0.193
2010-04-03,0.204
2010-04-04,0.21
2010-04-05,0.209
2010-04-06,0.252
2010-04-07,0.236
2010-04-08,0.238
2010-04-09,0.265
2010-04-10,0.259
2010-04-11,0.273
2010-04-12,0.28
2010-04-13,0.293
2010-04-14,0.291
2010-04-15,0.308
2010-04-16,0.309
2010-04-17,0.298
2010-04-18,0.328
2010-04-19,0.329
2010-04-20,0.339
2010-04-21,0.366
2010-04-22,0.357
2010-04-23,0.403
2010-04-24,0.386
2010-04-25,0.375
2010-04-26,0.392
2010-04-27,0.394
2010-04-28,0.41
2010-04-29,0.419
2010-04-30,0.43
2010-05-01,0.444
2010-05-02,0.455
2010-05-03,0.463
2010-05-04,0.479
2010-05-05,0.49
2010-05-06,0.502
2010-05-07,0.513
2010-05-08,0.536
2010-05-09,0.554
2010-05-10,0.564
2010-05-11,0.576
2010-05-12,0.564
2010-05-13,0.507
2010-05-14,0.309
2010-05-15,0.272
2010-05-16,0.264
2010-05-17,0.279
2010-05-18,0.287
2010-05-19,0.241
2010-05-20,0.262
2010-05-21,0.254
2010-05-22,0.282
2010-05-23,0.284
2010-05-24,0.289
2010-05-25,0.33
2010-05-26,0.326
2010-05-27,0.286
2010-05-28,0.32
2010-05-29,0.31
2010-05-30,0.268
2010-05-31,0.209
2010-06-01,0.166
2010-06-02,0.109
2010-06-03,0.132
2010-06-04,0.113
2010-06-05,0.106
2010-06-06,0.117
2010-06-07,0.116
2010-06-08,0.122
2010-06-09,0.126
2010-06-10,0.092
2010-06-11,0.074
2010-06-12,0.034
2010-06-13,0.046
2010-06-14,0.093
2010-06-15,0.128
2010-06-16,0.101
2010-06-17,0.121
2010-06-18,0.086
2010-06-19,0.084
2010-06-20,0.085
2010-06-21,0.095
2010-06-22,0.143
2010-06-23,0.139
2010-06-24,0.106
2010-06-25,0.1
2010-06-26,0.101
2010-06-27,0.109
2010-06-28,0.104
2010-06-29,0.112
2010-06-30,0.115
2010-07-01,0.122
2010-07-02,0.122
2010-07-03,0.127
2010-07-04,0.144
2010-07-05,0.205
2010-07-06,0.258
2010-07-07,0.223
2010-07-08,0.183
2010-07-09,0.194
2010-07-10,0.301
2010-07-11,0.361
2010-07-12,0.322
2010-07-13,0.254
2010-07-14,0.25
2010-07-15,0.367
2010-07-16,0.363
2010-07-17,0.299
2010-07-18,0.331
2010-07-19,0.312
2010-07-20,0.28
2010-07-21,0.31
2010-07-22,0.289
2010-07-23,0.324
2010-07-24,0.331
2010-07-25,0.343
2010-07-26,0.286
2010-07-27,0.365
2010-07-28,0.347
2010-07-29,0.358
2010-07-30,0.375
2010-07-31,0.38
2010-08-01,0.349
2010-08-02,0.359
2010-08-03,0.329
2010-08-04,0.298
2010-08-05,0.307
2010-08-06,0.317
2010-08-07,0.326
2010-08-08,0.337
2010-08-09,0.359
2010-08-10,0.36
2010-08-11,0.371
2010-08-12,0.385
2010-08-13,0.345
2010-08-14,0.349
2010-08-15,0.36
2010-08-16,0.363
2010-08-17,0.374
2010-08-18,0.405
2010-08-19,0.421
2010-08-20,0.274
2010-08-21,0.303
2010-08-22,0.312
2010-08-23,0.394
2010-08-24,0.506
2010-08-25,0.521
2010-08-26,0.346
2010-08-27,0.307
2010-08-28,0.283
2010-08-29,0.294
2010-08-30,0.337
2010-08-31,0.364
2010-09-01,0.363
2010-09-02,0.366
2010-09-03,0.337
2010-09-04,0.357
2010-09-05,0.307
2010-09-06,0.268
2010-09-07,0.151
2010-09-08,0.148
2010-09-09,0.163
2010-09-10,0.12
2010-09-11,0.095
2010-09-12,0.102
2010-09-13,0.106
2010-09-14,0.102
2010-09-15,0.074
2010-09-16,0.094
2010-09-17,0.081
2010-09-18,0.082
2010-09-19,0.088
2010-09-20,0.087
2010-09-21,0.093
2010-09-22,0.096
2010-09-23,0.099
2010-09-24,0.135
2010-09-25,0.124
2010-09-26,0.159
2010-09-27,0.168
2010-09-28,0.158
2010-09-29,0.151
2010-09-30,0.126
2010-10-01,0.155
2010-10-02,0.143
2010-10-03,0.169
2010-10-04,0.185
2010-10-05,0.165
2010-10-06,0.162
2010-10-07,0.166
2010-10-08,0.185
2010-10-09,0.185
2010-10-10,0.193
2010-10-11,0.204
2010-10-12,0.216
2010-10-13,0.224
2010-10-14,0.196
2010-10-15,0.226
2010-10-16,0.212
2010-10-17,0.229
2010-10-18,0.233
2010-10-19,0.252
2010-10-20,0.264
2010-10-21,0.293
2010-10-22,0.306
2010-10-23,0.356
2010-10-24,0.388
2010-10-25,0.377
2010-10-26,0.339
2010-10-27,0.314
2010-10-28,0.309
2010-10-29,0.304
2010-10-30,0.332
2010-10-31,0.369
2010-11-01,0.397
2010-11-02,0.412
2010-11-03,0.424
2010-11-04,0.439
2010-11-05,0.461
2010-11-06,0.461
2010-11-07,0.475
2010-11-08,0.637
2010-11-09,0.596
2010-11-10,0.56
2010-11-11,0.552
2010-11-12,0.569
2010-11-13,0.613
2010-11-14,0.615
2010-11-15,0.575
2010-11-16,0.471
2010-11-17,0.418
2010-11-18,0.364
2010-11-19,0.38
2010-11-20,0.345
2010-11-21,0.315
2010-11-22,0.295
2010-11-23,0.284
2010-11-24,0.32
2010-11-25,0.292
2010-11-26,0.22
2010-11-27,0.155
2010-11-28,0.173
2010-11-29,0.194
2010-11-30,0.15
2010-12-01,0.137
2010-12-02,0.103
2010-12-03,0.062
2010-12-04,0.043
2010-12-05,0.059
2010-12-06,0.055
2010-12-07,0.049
2010-12-08,0.051
2010-12-09,0.054
2010-12-10,0.052
2010-12-11,0.048
2010-12-12,0.044
2010-12-13,0.046
2010-12-14,0.02
2010-12-15,0.023
2010-12-16,0.018
2010-12-17,0.011
2010-12-18,0.015
2010-12-19,0.016
2010-12-20,0.013
2010-12-21,0.016
2010-12-22,0.018
2010-12-23,0.019
2010-12-24,0.029
2010-12-25,0.025
2010-12-26,0.021
2010-12-27,0.019
2010-12-28,0.018
2010-12-29,0.015
2010-12-30,0.014
2010-12-31,0.015
2011-01-01,0.016
2011-01-02,12.587
2011-01-03,12.703
2011-01-04,12.824
2011-01-05,12.934
2011-01-06,13.043
2011-01-07,13.152
2011-01-08,13.265
2011-01-09,13.391
2011-01-10,13.515
2011-01-11,13.631
2011-01-12,13.744
2011-01-13,13.857
2011-01-14,13.972
2011-01-15,7.923
2011-01-16,8
2011-01-17,8.077
2011-01-18,14.498
2011-01-19,14.616
2011-01-20,14.735
2011-01-21,8.358
2011-01-22,8.447
2011-01-23,8.541
2011-01-24,8.632
2011-01-25,8.719
2011-01-26,8.808
2011-01-27,8.906
2011-01-28,9.009
2011-01-29,9.109
2011-01-30,9.205
2011-01-31,5.952
2011-02-01,6.026
2011-02-02,3.112
2011-02-03,3.154
2011-02-04,3.196
2011-02-05,2.48
2011-02-06,1.986
2011-02-07,2.015
2011-02-08,2.043
2011-02-09,2.073
2011-02-10,1.407
2011-02-11,1.729
2011-02-12,1.449
2011-02-13,1.471
2011-02-14,1.807
2011-02-15,1.516
2011-02-16,1.861
2011-02-17,1.889
2011-02-18,1.916
2011-02-19,2.399
2011-02-20,2.431
2011-02-21,2.463
2011-02-22,3.158
2011-02-23,2.526
2011-02-24,2.559
2011-02-25,2.1
2011-02-26,2.628
2011-02-27,2.156
2011-02-28,2.698
2011-03-01,2.734
2011-03-02,2.768
2011-03-03,2.803
2011-03-04,2.838
2011-03-05,2.874
2011-03-06,2.91
2011-03-07,2.947
2011-03-08,2.984
2011-03-09,3.018
2011-03-10,3.054
2011-03-11,3.089
2011-03-12,3.127
2011-03-13,3.166
2011-03-14,3.206
2011-03-15,3.243
2011-03-16,3.28
2011-03-17,3.315
2011-03-18,4.242
2011-03-19,4.286
2011-03-20,4.332
2011-03-21,5.718
2011-03-22,4.421
2011-03-23,4.466
2011-03-24,4.512
2011-03-25,3.6
2011-03-26,3.636
2011-03-27,3.667
2011-03-28,4.68
2011-03-29,4.717
2011-03-30,4.75
2011-03-31,4.781
2011-04-01,4.813
2011-04-02,4.845
2011-04-03,4.876
2011-04-04,4.903
2011-04-05,6.443
2011-04-06,6.476
2011-04-07,6.508
2011-04-08,5.008
2011-04-09,5.036
2011-04-10,6.615
2011-04-11,6.649
2011-04-12,5.116
2011-04-13,4.069
2011-04-14,4.097
2011-04-15,3.343
2011-04-16,3.369
2011-04-17,3.395
2011-04-18,2.827
2011-04-19,2.393
2011-04-20,2.414
2011-04-21,2.896
2011-04-22,2.453
2011-04-23,1.818
2011-04-24,1.244
2011-04-25,1.418
2011-04-26,1.432
2011-04-27,1.143
2011-04-28,1.036
2011-04-29,0.781
2011-04-30,0.455
2011-05-01,0.316
2011-05-02,0.436
2011-05-03,0.389
2011-05-04,0.349
2011-05-05,0.353
2011-05-06,0.38
2011-05-07,0.343
2011-05-08,0.328
2011-05-09,0.284
2011-05-10,0.303
2011-05-11,0.132
2011-05-12,0.149
2011-05-13,0.116
2011-05-14,0.07
2011-05-15,0.092
2011-05-16,0.099
2011-05-17,0.077
2011-05-18,0.097
2011-05-19,0.107
2011-05-20,0.112
2011-05-21,0.169
2011-05-22,0.145
2011-05-23,0.122
2011-05-24,0.107
2011-05-25,0.103
2011-05-26,0.082
2011-05-27,0.076
2011-05-28,0.083
2011-05-29,0.089
2011-05-30,0.088
2011-05-31,0.082
2011-06-01,0.085
2011-06-02,0.071
2011-06-03,0.06
2011-06-04,0.033
2011-06-05,0.02
2011-06-06,0.026
2011-06-07,0.021
2011-06-08,0.013
2011-06-09,0.009
2011-06-10,0.009
2011-06-11,0.014
2011-06-12,0.038
2011-06-13,0.024
2011-06-14,0.022
2011-06-15,0.023
2011-06-16,0.023
2011-06-17,0.031
2011-06-18,0.037
2011-06-19,0.033
2011-06-20,0.031
2011-06-21,0.031
2011-06-22,0.032
2011-06-23,0.032
2011-06-24,0.033
2011-06-25,0.033
2011-06-26,0.034
2011-06-27,0.039
2011-06-28,0.038
2011-06-29,0.038
2011-06-30,0.038
2011-07-01,0.043
2011-07-02,0.048
2011-07-03,0.048
2011-07-04,0.049
2011-07-05,0.061
2011-07-06,0.071
2011-07-07,0.054
2011-07-08,0.055
2011-07-09,0.059
2011-07-10,0.059
2011-07-11,0.056
2011-07-12,0.062
2011-07-13,0.065
2011-07-14,0.066
2011-07-15,0.066
2011-07-16,0.068
2011-07-17,0.07
2011-07-18,0.076
2011-07-19,0.073
2011-07-20,0.07
2011-07-21,0.073
2011-07-22,0.076
2011-07-23,0.076
2011-07-24,0.078
2011-07-25,0.077
2011-07-26,0.078
2011-07-27,0.082
2011-07-28,0.084
2011-07-29,0.092
2011-07-30,0.094
2011-07-31,0.096
2011-08-01,0.1
2011-08-02,0.108
2011-08-03,0.129
2011-08-04,0.224
2011-08-05,0.17
2011-08-06,0.211
2011-08-07,0.477
2011-08-08,0.34
2011-08-09,0.357
2011-08-10,0.222
2011-08-11,0.227
2011-08-12,0.257
2011-08-13,0.262
2011-08-14,0.237
2011-08-15,0.212
2011-08-16,0.205
2011-08-17,0.214
2011-08-18,0.223
2011-08-19,0.232
2011-08-20,0.206
2011-08-21,0.218
2011-08-22,0.226
2011-08-23,0.248
2011-08-24,0.253
2011-08-25,0.258
2011-08-26,0.332
2011-08-27,0.472
2011-08-28,0.437
2011-08-29,0.397
2011-08-30,0.413
2011-08-31,0.439
2011-09-01,0.514
2011-09-02,0.522
2011-09-03,0.483
2011-09-04,0.502
2011-09-05,0.549
2011-09-06,0.649
2011-09-07,0.801
2011-09-08,0.747
2011-09-09,0.932
2011-09-10,1.601
2011-09-11,1.763
2011-09-12,1.184
2011-09-13,1.125
2011-09-14,1.263
2011-09-15,1.375
2011-09-16,1.899
2011-09-17,1.927
2011-09-18,1.955
2011-09-19,1.689
2011-09-20,1.532
2011-09-21,1.265
2011-09-22,1.524
2011-09-23,1.664
2011-09-24,1.57
2011-09-25,1.652
2011-09-26,1.806
2011-09-27,2.144
2011-09-28,2.175
2011-09-29,2.3
2011-09-30,2.333
2011-10-01,2.096
2011-10-02,2.212
2011-10-03,2.244
2011-10-04,2.277
2011-10-05,2.311
2011-10-06,2.443
2011-10-07,2.695
2011-10-08,3.27
2011-10-09,3.832
2011-10-10,3.699
2011-10-11,3.751
2011-10-12,4.201
2011-10-13,3.67
2011-10-14,3.903
2011-10-15,4.158
2011-10-16,4.672
2011-10-17,5.276
2011-10-18,10.251
2011-10-19,12.171
2011-10-20,13.402
2011-10-21,13.55
2011-10-22,10.721
2011-10-23,7.165
2011-10-24,7.261
2011-10-25,12.056
2011-10-26,9.721
2011-10-27,9.838
2011-10-28,8.679
2011-10-29,7.727
2011-10-30,6.183
2011-10-31,7.452
2011-11-01,7.543
2011-11-02,8.115
2011-11-03,7.719
2011-11-04,8.305
2011-11-05,8.947
2011-11-06,9.653
2011-11-07,9.752
2011-11-08,9.857
2011-11-09,9.958
2011-11-10,10.052
2011-11-11,11.638
2011-11-12,9.574
2011-11-13,10.315
2011-11-14,10.399
2011-11-15,19.49
2011-11-16,17.932
2011-11-17,14.095
2011-11-18,18.085
2011-11-19,24.019
2011-11-20,19.915
2011-11-21,19.982
2011-11-22,18.344
2011-11-23,18.413
2011-11-24,18.476
2011-11-25,17.025
2011-11-26,15.739
2011-11-27,15.793
2011-11-28,15.814
2011-11-29,15.839
2011-11-30,12.638
2011-12-01,11.01
2011-12-02,10.323
2011-12-03,10.338
2011-12-04,12.681
2011-12-05,12.691
2011-12-06,11.842
2011-12-07,11.079
2011-12-08,11.105
2011-12-09,11.127
2011-12-10,11.143
2011-12-11,11.155
2011-12-12,9.228
2011-12-13,10.465
2011-12-14,9.237
2011-12-15,9.83
2011-12-16,9.837
2011-12-17,9.842
2011-12-18,9.846
2011-12-19,9.85
2011-12-20,8.233
2011-12-21,6.303
2011-12-22,6.624
2011-12-23,6.607
2011-12-24,6.269
2011-12-25,6.58
2011-12-26,5.652
2011-12-27,6.205
2011-12-28,5.879
2011-12-29,5.583
2011-12-30,5.578
2011-12-31,5.311
2012-01-01,4.435
2012-01-02,3.482
2012-01-03,3.613
2012-01-04,4.066
2012-01-05,3.112
2012-01-06,2.049
2012-01-07,2.175
2012-01-08,2.112
2012-01-09,1.939
2012-01-10,2.464
2012-01-11,2.388
2012-01-12,2.055
2012-01-13,2.118
2012-01-14,2.393
2012-01-15,2.12
2012-01-16,2.002
2012-01-17,2.188
2012-01-18,3.134
2012-01-19,2.824
2012-01-20,2.401
2012-01-21,2.33
2012-01-22,2.565
2012-01-23,2.488
2012-01-24,2.413
2012-01-25,2.493
2012-01-26,2.944
2012-01-27,3.529
2012-01-28,3.529
2012-01-29,3.162
2012-01-30,3.402
2012-01-31,3.281
2012-02-01,3.283
2012-02-02,2.671
2012-02-03,2.674
2012-02-04,2.767
2012-02-05,2.865
2012-02-06,3.072
2012-02-07,3.426
2012-02-08,3.077
2012-02-09,3.19
2012-02-10,2.976
2012-02-11,2.878
2012-02-12,3.197
2012-02-13,3.316
2012-02-14,3.573
2012-02-15,4.959
2012-02-16,5.429
2012-02-17,5.426
2012-02-18,5.179
2012-02-19,5.682
2012-02-20,5.176
2012-02-21,5.183
2012-02-22,5.431
2012-02-23,5.192
2012-02-24,4.033
2012-02-25,4.044
2012-02-26,4.401
2012-02-27,4.229
2012-02-28,4.068
2012-02-29,4.243
2012-03-01,4.251
2012-03-02,4.257
2012-03-03,4.632
2012-03-04,4.839
2012-03-05,4.448
2012-03-06,4.103
2012-03-07,4.108
2012-03-08,4.281
2012-03-09,4.284
2012-03-10,4.288
2012-03-11,4.473
2012-03-12,4.296
2012-03-13,4.301
2012-03-14,3.682
2012-03-15,3.557
2012-03-16,3.702
2012-03-17,3.711
2012-03-18,3.864
2012-03-19,3.728
2012-03-20,4.754
2012-03-21,4.568
2012-03-22,4.578
2012-03-23,4.785
2012-03-24,4.795
2012-03-25,4.807
2012-03-26,5.034
2012-03-27,5.048
2012-03-28,4.651
2012-03-29,4.673
2012-03-30,4.696
2012-03-31,4.524
2012-04-01,4.542
2012-04-02,4.752
2012-04-03,4.398
2012-04-04,4.603
2012-04-05,4.626
2012-04-06,4.649
2012-04-07,4.671
2012-04-08,5.099
2012-04-09,4.906
2012-04-10,4.727
2012-04-11,4.948
2012-04-12,4.768
2012-04-13,4.788
2012-04-14,4.81
2012-04-15,4.642
2012-04-16,4.665
2012-04-17,4.882
2012-04-18,4.712
2012-04-19,4.551
2012-04-20,4.574
2012-04-21,4.256
2012-04-22,4.278
2012-04-23,4.467
2012-04-24,4.856
2012-04-25,4.692
2012-04-26,4.719
2012-04-27,4.747
2012-04-28,4.776
2012-04-29,4.998
2012-04-30,5.236
2012-05-01,5.265
2012-05-02,5.085
2012-05-03,4.917
2012-05-04,4.948
2012-05-05,4.98
2012-05-06,5.021
2012-05-07,5.065
2012-05-08,5.109
2012-05-09,5.154
2012-05-10,5.406
2012-05-11,5.907
2012-05-12,5.481
2012-05-13,5.755
2012-05-14,5.798
2012-05-15,5.611
2012-05-16,5.652
2012-05-17,5.471
2012-05-18,5.506
2012-05-19,5.545
2012-05-20,5.583
2012-05-21,5.623
2012-05-22,5.662
2012-05-23,5.702
2012-05-24,5.743
2012-05-25,5.786
2012-05-26,5.606
2012-05-27,5.872
2012-05-28,5.915
2012-05-29,5.959
2012-05-30,5.777
2012-05-31,6.049
2012-06-01,5.862
2012-06-02,5.685
2012-06-03,5.737
2012-06-04,6.012
2012-06-05,5.835
2012-06-06,5.671
2012-06-07,5.519
2012-06-08,5.374
2012-06-09,5.424
2012-06-10,5.474
2012-06-11,5.726
2012-06-12,5.574
2012-06-13,5.428
2012-06-14,5.111
2012-06-15,5.157
2012-06-16,4.287
2012-06-17,4.464
2012-06-18,4.798
2012-06-19,4.686
2012-06-20,4.438
2012-06-21,4.212
2012-06-22,4.25
2012-06-23,4.419
2012-06-24,4.741
2012-06-25,4.933
2012-06-26,4.975
2012-06-27,4.861
2012-06-28,4.472
2012-06-29,4.649
2012-06-30,4.548
2012-07-01,4.586
2012-07-02,4.765
2012-07-03,4.526
2012-07-04,5.152
2012-07-05,5.035
2012-07-06,4.777
2012-07-07,4.817
2012-07-08,4.713
2012-07-09,4.747
2012-07-10,4.513
2012-07-11,4.297
2012-07-12,4.33
2012-07-13,3.717
2012-07-14,3.844
2012-07-15,4.083
2012-07-16,4.007
2012-07-17,3.227
2012-07-18,3.035
2012-07-19,2.862
2012-07-20,3.015
2012-07-21,3.329
2012-07-22,3.058
2012-07-23,3.458
2012-07-24,3.481
2012-07-25,3.339
2012-07-26,3.208
2012-07-27,3.154
2012-07-28,3.172
2012-07-29,3.192
2012-07-30,3.361
2012-07-31,3.089
2012-08-01,2.912
2012-08-02,2.81
2012-08-03,2.364
2012-08-04,2.168
2012-08-05,2.183
2012-08-06,2.241
2012-08-07,2.257
2012-08-08,2.192
2012-08-09,2.208
2012-08-10,2.224
2012-08-11,2.124
2012-08-12,2.103
2012-08-13,2.082
2012-08-14,1.961
2012-08-15,1.914
2012-08-16,1.624
2012-08-17,1.59
2012-08-18,2.173
2012-08-19,2.191
2012-08-20,4.644
2012-08-21,2.93
2012-08-22,3.071
2012-08-23,3.156
2012-08-24,2.992
2012-08-25,2.736
2012-08-26,2.81
2012-08-27,2.778
2012-08-28,2.647
2012-08-29,2.667
2012-08-30,2.687
2012-08-31,2.758
2012-09-01,3.116
2012-09-02,3.267
2012-09-03,3.167
2012-09-04,3.014
2012-09-05,3.1
2012-09-06,2.795
2012-09-07,2.721
2012-09-08,2.846
2012-09-09,2.872
2012-09-10,2.898
2012-09-11,2.82
2012-09-12,2.794
2012-09-13,2.768
2012-09-14,2.792
2012-09-15,2.674
2012-09-16,2.651
2012-09-17,2.63
2012-09-18,2.653
2012-09-19,2.505
2012-09-20,2.409
2012-09-21,2.552
2012-09-22,2.533
2012-09-23,2.64
2012-09-24,2.664
2012-09-25,2.732
2012-09-26,2.711
2012-09-27,2.691
2012-09-28,2.715
2012-09-29,2.695
2012-09-30,2.72
2012-10-01,2.743
2012-10-02,2.766
2012-10-03,2.618
2012-10-04,2.6
2012-10-05,2.623
2012-10-06,2.73
2012-10-07,2.844
2012-10-08,3.221
2012-10-09,3.249
2012-10-10,3.223
2012-10-11,3.145
2012-10-12,3.227
2012-10-13,3.256
2012-10-14,3.341
2012-10-15,3.487
2012-10-16,3.458
2012-10-17,3.43
2012-10-18,3.518
2012-10-19,3.489
2012-10-20,3.641
2012-10-21,3.672
2012-10-22,3.768
2012-10-23,3.736
2012-10-24,3.833
2012-10-25,3.866
2012-10-26,4.417
2012-10-27,5.086
2012-10-28,5.027
2012-10-29,4.695
2012-10-30,4.823
2012-10-31,4.598
2012-11-01,4.391
2012-11-02,4.943
2012-11-03,5.077
2012-11-04,5.022
2012-11-05,4.876
2012-11-06,4.915
2012-11-07,4.863
2012-11-08,4.901
2012-11-09,4.94
2012-11-10,5.071
2012-11-11,5.019
2012-11-12,5.059
2012-11-13,5.007
2012-11-14,5.14
2012-11-15,5.181
2012-11-16,4.947
2012-11-17,4.493
2012-11-18,4.532
2012-11-19,4.729
2012-11-20,4.608
2012-11-21,4.726
2012-11-22,4.685
2012-11-23,4.278
2012-11-24,4.315
2012-11-25,4.352
2012-11-26,4.319
2012-11-27,4.5
2012-11-28,4.614
2012-11-29,4.505
2012-11-30,4.545
2012-12-01,4.44
2012-12-02,4.479
2012-12-03,4.591
2012-12-04,4.485
2012-12-05,4.064
2012-12-06,4.1
2012-12-07,4.2
2012-12-08,4.112
2012-12-09,4.211
2012-12-10,4.249
2012-12-11,4.287
2012-12-12,4.199
2012-12-13,4.175
2012-12-14,4.213
2012-12-15,4.313
2012-12-16,4.417
2012-12-17,4.591
2012-12-18,4.632
2012-12-19,4.672
2012-12-20,4.507
2012-12-21,4.615
2012-12-22,4.655
2012-12-23,4.766
2012-12-24,4.88
2012-12-25,4.848
2012-12-26,4.889
2012-12-27,4.857
2012-12-28,4.972
2012-12-29,5.014
2012-12-30,5.056
2012-12-31,5.098
2013-01-01,5.064
2013-01-02,5.26
2013-01-03,5.3
2013-01-04,5.261
2013-01-05,5.225
2013-01-06,5.344
2013-01-07,5.385
2013-01-08,5.267
2013-01-09,5.23
2013-01-10,5.194
2013-01-11,5.014
2013-01-12,5.054
2013-01-13,5.024
2013-01-14,5.136
2013-01-15,5.032
2013-01-16,5.071
2013-01-17,4.836
2013-01-18,4.384
2013-01-19,4.309
2013-01-20,4.4
2013-01-21,4.381
2013-01-22,3.858
2013-01-23,3.669
2013-01-24,3.617
2013-01-25,3.912
2013-01-26,3.722
2013-01-27,3.547
2013-01-28,3.618
2013-01-29,3.306
2013-01-30,3.065
2013-01-31,3.029
2013-02-01,2.85
2013-02-02,2.847
2013-02-03,3.141
2013-02-04,2.866
2013-02-05,2.946
2013-02-06,2.912
2013-02-07,2.773
2013-02-08,2.573
2013-02-09,2.46
2013-02-10,2.296
2013-02-11,2.24
2013-02-12,2.151
2013-02-13,2.068
2013-02-14,2.263
2013-02-15,1.808
2013-02-16,1.839
2013-02-17,1.842
2013-02-18,1.915
2013-02-19,1.904
2013-02-20,1.62
2013-02-21,1.612
2013-02-22,1.604
2013-02-23,1.566
2013-02-24,1.633
2013-02-25,1.637
2013-02-26,1.597
2013-02-27,1.54
2013-02-28,1.574
2013-03-01,1.359
2013-03-02,1.285
2013-03-03,1.312
2013-03-04,1.309
2013-03-05,1.199
2013-03-06,0.976
2013-03-07,0.953
2013-03-08,0.917
2013-03-09,0.838
2013-03-10,0.756
2013-03-11,0.792
2013-03-12,0.723
2013-03-13,0.874
2013-03-14,0.788
2013-03-15,0.787
2013-03-16,0.803
2013-03-17,0.812
2013-03-18,0.807
2013-03-19,0.688
2013-03-20,0.531
2013-03-21,0.451
2013-03-22,0.38
2013-03-23,0.395
2013-03-24,0.473
2013-03-25,0.387
2013-03-26,0.37
2013-03-27,0.33
2013-03-28,0.261
2013-03-29,0.281
2013-03-30,0.259
2013-03-31,0.253
2013-04-01,0.252
2013-04-02,0.205
2013-04-03,0.161
2013-04-04,0.125
2013-04-05,0.133
2013-04-06,0.116
2013-04-07,0.118
2013-04-08,0.092
2013-04-09,0.07
2013-04-10,0.048
2013-04-11,0.094
2013-04-12,0.167
2013-04-13,0.193
2013-04-14,0.31
2013-04-15,0.336
2013-04-16,0.406
2013-04-17,0.598
2013-04-18,0.327
2013-04-19,0.242
2013-04-20,0.207
2013-04-21,0.184
2013-04-22,0.211
2013-04-23,0.188
2013-04-24,0.15
2013-04-25,0.132
2013-04-26,0.159
2013-04-27,0.173
2013-04-28,0.201
2013-04-29,0.185
2013-04-30,0.164
2013-05-01,0.179
2013-05-02,0.259
2013-05-03,0.316
2013-05-04,0.376
2013-05-05,0.288
2013-05-06,0.277
2013-05-07,0.3
2013-05-08,0.32
2013-05-09,0.304
2013-05-10,0.311
2013-05-11,0.29
2013-05-12,0.305
2013-05-13,0.314
2013-05-14,0.302
2013-05-15,0.344
2013-05-16,0.333
2013-05-17,0.315
2013-05-18,0.294
2013-05-19,0.3
2013-05-20,0.308
2013-05-21,0.315
2013-05-22,0.316
2013-05-23,0.316
2013-05-24,0.309
2013-05-25,0.282
2013-05-26,0.292
2013-05-27,0.29
2013-05-28,0.312
2013-05-29,0.321
2013-05-30,0.31
2013-05-31,0.332
2013-06-01,0.338
2013-06-02,0.34
2013-06-03,0.385
2013-06-04,0.403
2013-06-05,0.405
2013-06-06,0.408
2013-06-07,0.434
2013-06-08,0.507
2013-06-09,0.544
2013-06-10,0.638
2013-06-11,0.577
2013-06-12,0.557
2013-06-13,0.567
2013-06-14,0.631
2013-06-15,0.691
2013-06-16,0.704
2013-06-17,0.712
2013-06-18,0.694
2013-06-19,0.635
2013-06-20,0.632
2013-06-21,0.607
2013-06-22,0.637
2013-06-23,0.661
2013-06-24,0.674
2013-06-25,0.764
2013-06-26,0.757
2013-06-27,0.757
2013-06-28,0.802
2013-06-29,0.938
2013-06-30,0.945
2013-07-01,0.909
2013-07-02,1.128
2013-07-03,1.085
2013-07-04,1.444
2013-07-05,1.422
2013-07-06,1.964
2013-07-07,1.919
2013-07-08,1.612
2013-07-09,1.653
2013-07-10,1.643
2013-07-11,1.264
2013-07-12,1.251
2013-07-13,1.137
2013-07-14,1.053
2013-07-15,1.158
2013-07-16,1.069
2013-07-17,1.124
2013-07-18,1.107
2013-07-19,1.341
2013-07-20,1.303
2013-07-21,1.386
2013-07-22,1.337
2013-07-23,1.367
2013-07-24,1.272
2013-07-25,1.302
2013-07-26,1.271
2013-07-27,1.313
2013-07-28,1.376
2013-07-29,1.272
2013-07-30,1.222
2013-07-31,1.094
2013-08-01,1.147
2013-08-02,1.212
2013-08-03,1.217
2013-08-04,1.224
2013-08-05,1.236
2013-08-06,1.215
2013-08-07,1.233
2013-08-08,1.264
2013-08-09,1.353
2013-08-10,1.379
2013-08-11,1.391
2013-08-12,1.355
2013-08-13,1.326
2013-08-14,1.275
2013-08-15,1.224
2013-08-16,1.299
2013-08-17,1.339
2013-08-18,1.266
2013-08-19,1.268
2013-08-20,1.176
2013-08-21,1.138
2013-08-22,1.113
2013-08-23,1.151
2013-08-24,1.235
2013-08-25,1.228
2013-08-26,1.192
2013-08-27,1.248
2013-08-28,1.056
2013-08-29,1.111
2013-08-30,1.116
2013-08-31,0.991
2013-09-01,0.961
2013-09-02,0.907
2013-09-03,0.944
2013-09-04,0.955
2013-09-05,1.142
2013-09-06,1.196
2013-09-07,1.38
2013-09-08,1.246
2013-09-09,1.314
2013-09-10,1.196
2013-09-11,1.218
2013-09-12,1.072
2013-09-13,1.126
2013-09-14,1.118
2013-09-15,1.198
2013-09-16,1.183
2013-09-17,1.177
2013-09-18,1.195
2013-09-19,1.185
2013-09-20,1.293
2013-09-21,1.332
2013-09-22,1.333
2013-09-23,1.354
2013-09-24,1.379
2013-09-25,1.363
2013-09-26,1.371
2013-09-27,1.341
2013-09-28,1.318
2013-09-29,1.263
2013-09-30,1.25
2013-10-01,1.297
2013-10-02,1.339
2013-10-03,1.757
2013-10-04,1.562
2013-10-05,1.444
2013-10-06,1.459
2013-10-07,1.446
2013-10-08,1.5
2013-10-09,1.494
2013-10-10,1.44
2013-10-11,1.432
2013-10-12,1.448
2013-10-13,1.401
2013-10-14,1.323
2013-10-15,1.264
2013-10-16,1.166
2013-10-17,1.256
2013-10-18,1.187
2013-10-19,1.048
2013-10-20,0.89
2013-10-21,0.866
2013-10-22,0.811
2013-10-23,0.736
2013-10-24,0.586
2013-10-25,0.715
2013-10-26,0.786
2013-10-27,0.869
2013-10-28,0.723
2013-10-29,0.727
2013-10-30,0.671
2013-10-31,0.728
2013-11-01,0.711
2013-11-02,0.702
2013-11-03,0.719
2013-11-04,0.648
2013-11-05,0.577
2013-11-06,0.522
2013-11-07,0.476
2013-11-08,0.349
2013-11-09,0.268
2013-11-10,0.251
2013-11-11,0.303
2013-11-12,0.262
2013-11-13,0.241
2013-11-14,0.186
2013-11-15,0.189
2013-11-16,0.19
2013-11-17,0.169
2013-11-18,0.13
2013-11-19,0.06
2013-11-20,0.089
2013-11-21,0.093
2013-11-22,0.065
2013-11-23,0.06
2013-11-24,0.057
2013-11-25,0.063
2013-11-26,0.058
2013-11-27,0.043
2013-11-28,0.035
2013-11-29,0.035
2013-11-30,0.029
2013-12-01,0.03
2013-12-02,0.044
2013-12-03,0.037
2013-12-04,0.034
2013-12-05,0.03
2013-12-06,0.038
2013-12-07,0.066
2013-12-08,0.098
2013-12-09,0.075
2013-12-10,0.058
2013-12-11,0.046
2013-12-12,0.059
2013-12-13,0.063
2013-12-14,0.059
2013-12-15,0.063
2013-12-16,0.063
2013-12-17,0.093
2013-12-18,0.106
2013-12-19,0.188
2013-12-20,0.104
2013-12-21,0.133
2013-12-22,0.139
2013-12-23,0.141
2013-12-24,0.114
2013-12-25,0.119
2013-12-26,0.119
2013-12-27,0.094
2013-12-28,0.095
2013-12-29,0.107
2013-12-30,0.102
2013-12-31,0.098
2014-01-01,0.099
2014-01-02,0.098
2014-01-03,0.09
2014-01-04,0.086
2014-01-05,0.08
2014-01-06,0.067
2014-01-07,0.068
2014-01-08,0.092
2014-01-09,0.082
2014-01-10,0.083
2014-01-11,0.081
2014-01-12,0.075
2014-01-13,0.087
2014-01-14,0.091
2014-01-15,0.093
2014-01-16,0.09
2014-01-17,0.097
2014-01-18,0.103
2014-01-19,0.102
2014-01-20,0.093
2014-01-21,0.094
2014-01-22,0.094
2014-01-23,0.098
2014-01-24,0.101
2014-01-25,0.109
2014-01-26,0.101
2014-01-27,0.093
2014-01-28,0.108
2014-01-29,0.112
2014-01-30,0.115
2014-01-31,0.113
2014-02-01,0.115
2014-02-02,0.117
2014-02-03,0.115
2014-02-04,0.122
2014-02-05,0.126
2014-02-06,0.134
2014-02-07,0.162
2014-02-08,0.233
2014-02-09,0.271
2014-02-10,0.266
2014-02-11,0.345
2014-02-12,0.354
2014-02-13,0.425
2014-02-14,0.596
2014-02-15,0.671
2014-02-16,0.9
2014-02-17,1.392
2014-02-18,1.702
2014-02-19,1.471
2014-02-20,1.875
2014-02-21,10.321
2014-02-22,10.412
2014-02-23,1.992
2014-02-24,1.362
2014-02-25,4.367
2014-02-26,7.21
2014-02-27,0.38
2014-02-28,0.38
2014-03-01,0.415
2014-03-02,0.445
2014-03-03,0.472
2014-03-04,0.323
2014-03-05,0.327
2014-03-06,0.334
2014-03-07,0.349
2014-03-08,0.39
2014-03-09,0.404
2014-03-10,0.386
2014-03-11,0.408
2014-03-12,0.419
2014-03-13,0.409
2014-03-14,0.406
2014-03-15,0.426
2014-03-16,0.417
2014-03-17,0.428
2014-03-18,0.451
2014-03-19,0.468
2014-03-20,0.479
2014-03-21,0.535
2014-03-22,0.573
2014-03-23,0.548
2014-03-24,0.58
2014-03-25,0.553
2014-03-26,0.568
2014-03-27,0.575
2014-03-28,0.867
2014-03-29,0.797
2014-03-30,0.823
2014-03-31,0.947
2014-04-01,0.965
2014-04-02,0.896
2014-04-03,1.079
2014-04-04,1.03
2014-04-05,1.001
2014-04-06,0.957
2014-04-07,0.969
2014-04-08,0.95
2014-04-09,0.941
2014-04-10,0.989
2014-04-11,1.412
2014-04-12,1.112
2014-04-13,1.109
2014-04-14,1.172
2014-04-15,0.945
2014-04-16,0.788
2014-04-17,0.764
2014-04-18,0.883
2014-04-19,0.953
2014-04-20,0.885
2014-04-21,0.921
2014-04-22,0.942
2014-04-23,0.98
2014-04-24,0.992
2014-04-25,0.95
2014-04-26,1.112
2014-04-27,1.155
2014-04-28,1.244
2014-04-29,1.263
2014-04-30,1.25
2014-05-01,1.264
2014-05-02,1.196
2014-05-03,1.241
2014-05-04,1.339
2014-05-05,1.366
2014-05-06,1.41
2014-05-07,1.413
2014-05-08,1.334
2014-05-09,1.377
2014-05-10,1.36
2014-05-11,1.331
2014-05-12,1.459
2014-05-13,1.434
2014-05-14,1.473
2014-05-15,1.425
2014-05-16,1.401
2014-05-17,1.376
2014-05-18,1.391
2014-05-19,1.417
2014-05-20,1.467
2014-05-21,1.239
2014-05-22,1.226
2014-05-23,1.111
2014-05-24,1.107
2014-05-25,1.105
2014-05-26,0.926
2014-05-27,0.896
2014-05-28,0.939
2014-05-29,0.942
2014-05-30,0.968
2014-05-31,0.827
2014-06-01,0.791
2014-06-02,0.743
2014-06-03,0.733
2014-06-04,0.707
2014-06-05,0.78
2014-06-06,0.734
2014-06-07,0.759
2014-06-08,0.758
2014-06-09,0.761
2014-06-10,0.78
2014-06-11,0.755
2014-06-12,0.786
2014-06-13,0.913
2014-06-14,0.875
2014-06-15,0.959
2014-06-16,0.963
2014-06-17,0.91
2014-06-18,0.892
2014-06-19,0.888
2014-06-20,0.906
2014-06-21,0.935
2014-06-22,0.915
2014-06-23,0.895
2014-06-24,0.933
2014-06-25,0.94
2014-06-26,1.009
2014-06-27,0.963
2014-06-28,0.902
2014-06-29,0.917
2014-06-30,0.907
2014-07-01,0.813
2014-07-02,0.793
2014-07-03,0.788
2014-07-04,0.808
2014-07-05,0.846
2014-07-06,0.85
2014-07-07,0.842
2014-07-08,0.882
2014-07-09,0.878
2014-07-10,0.859
2014-07-11,0.874
2014-07-12,0.837
2014-07-13,0.831
2014-07-14,0.854
2014-07-15,0.883
2014-07-16,0.881
2014-07-17,0.896
2014-07-18,0.864
2014-07-19,0.863
2014-07-20,0.866
2014-07-21,0.884
2014-07-22,0.874
2014-07-23,0.883
2014-07-24,0.886
2014-07-25,0.946
2014-07-26,0.951
2014-07-27,0.965
2014-07-28,0.969
2014-07-29,0.994
2014-07-30,1.001
2014-07-31,1.078
2014-08-01,0.989
2014-08-02,0.959
2014-08-03,0.983
2014-08-04,0.993
2014-08-05,0.981
2014-08-06,0.995
2014-08-07,0.992
2014-08-08,0.983
2014-08-09,0.973
2014-08-10,0.995
2014-08-11,0.986
2014-08-12,1.043
2014-08-13,1.074
2014-08-14,1.178
2014-08-15,1.359
2014-08-16,1.404
2014-08-17,1.269
2014-08-18,1.467
2014-08-19,1.619
2014-08-20,1.468
2014-08-21,1.293
2014-08-22,1.287
2014-08-23,1.296
2014-08-24,1.394
2014-08-25,1.328
2014-08-26,1.364
2014-08-27,1.314
2014-08-28,1.302
2014-08-29,1.327
2014-08-30,1.32
2014-08-31,1.357
2014-09-01,1.5
2014-09-02,1.533
2014-09-03,1.527
2014-09-04,1.525
2014-09-05,1.463
2014-09-06,1.517
2014-09-07,1.52
2014-09-08,1.52
2014-09-09,1.594
2014-09-10,1.616
2014-09-11,1.6
2014-09-12,1.617
2014-09-13,1.631
2014-09-14,1.64
2014-09-15,1.659
2014-09-16,1.661
2014-09-17,1.743
2014-09-18,1.789
2014-09-19,2.117
2014-09-20,2.414
2014-09-21,2.255
2014-09-22,2.369
2014-09-23,2.34
2014-09-24,2.003
2014-09-25,2.131
2014-09-26,2.254
2014-09-27,2.343
2014-09-28,2.41
2014-09-29,2.671
2014-09-30,2.705
2014-10-01,2.549
2014-10-02,2.623
2014-10-03,2.732
2014-10-04,2.91
2014-10-05,3.421
2014-10-06,3.688
2014-10-07,3.499
2014-10-08,3.497
2014-10-09,3.124
2014-10-10,2.954
2014-10-11,2.943
2014-10-12,2.953
2014-10-13,2.767
2014-10-14,2.571
2014-10-15,2.451
2014-10-16,2.504
2014-10-17,2.689
2014-10-18,2.684
2014-10-19,2.548
2014-10-20,2.601
2014-10-21,2.702
2014-10-22,2.679
2014-10-23,2.735
2014-10-24,3.107
2014-10-25,3.124
2014-10-26,3.282
2014-10-27,3.248
2014-10-28,3.227
2014-10-29,3.216
2014-10-30,3.536
2014-10-31,3.343
2014-11-01,3.489
2014-11-02,3.766
2014-11-03,3.835
2014-11-04,3.796
2014-11-05,3.71
2014-11-06,3.497
2014-11-07,3.307
2014-11-08,3.423
2014-11-09,3.394
2014-11-10,3.059
2014-11-11,2.978
2014-11-12,3.01
2014-11-13,2.157
2014-11-14,2.195
2014-11-15,2.573
2014-11-16,2.884
2014-11-17,2.731
2014-11-18,2.75
2014-11-19,2.835
2014-11-20,2.808
2014-11-21,3.206
2014-11-22,3.312
2014-11-23,3.314
2014-11-24,3.073
2014-11-25,2.87
2014-11-26,2.914
2014-11-27,3.098
2014-11-28,3.046
2014-11-29,2.911
2014-11-30,2.937
2014-12-01,2.965
2014-12-02,2.913
2014-12-03,2.888
2014-12-04,2.949
2014-12-05,3.07
2014-12-06,2.95
2014-12-07,2.976
2014-12-08,2.977
2014-12-09,3.172
2014-12-10,3.41
2014-12-11,3.497
2014-12-12,3.504
2014-12-13,3.392
2014-12-14,3.495
2014-12-15,3.472
2014-12-16,3.554
2014-12-17,3.889
2014-12-18,4.139
2014-12-19,4.399
2014-12-20,4.19
2014-12-21,3.873
2014-12-22,4.059
2014-12-23,3.857
2014-12-24,3.751
2014-12-25,4.055
2014-12-26,4.139
2014-12-27,3.864
2014-12-28,4.23
2014-12-29,4.193
2014-12-30,4.254
2014-12-31,4.329
2015-01-01,4.14
2015-01-02,4.226
2015-01-03,4.216
2015-01-04,5.079
2015-01-05,5.969
2015-01-06,5.53
2015-01-07,5.233
2015-01-08,4.91
2015-01-09,5.208
2015-01-10,5.013
2015-01-11,5.557
2015-01-12,5.917
2015-01-13,5.714
2015-01-14,8.452
2015-01-15,15.186
2015-01-16,9.346
2015-01-17,9.585
2015-01-18,10.268
2015-01-19,9.194
2015-01-20,8.722
2015-01-21,9.142
2015-01-22,7.764
2015-01-23,7.449
2015-01-24,7.464
2015-01-25,6.518
2015-01-26,6.306
2015-01-27,5.52
2015-01-28,5.761
2015-01-29,7.147
2015-01-30,7.265
2015-01-31,7.386
2015-02-01,8.294
2015-02-02,7.781
2015-02-03,6.904
2015-02-04,7.603
2015-02-05,7.638
2015-02-06,8.347
2015-02-07,7.846
2015-02-08,7.507
2015-02-09,7.759
2015-02-10,7.98
2015-02-11,8.005
2015-02-12,8.051
2015-02-13,7.816
2015-02-14,6.876
2015-02-15,5.726
2015-02-16,7.024
2015-02-17,6.864
2015-02-18,6.44
2015-02-19,6.872
2015-02-20,6.484
2015-02-21,6.335
2015-02-22,6.329
2015-02-23,6.792
2015-02-24,6.604
2015-02-25,6.586
2015-02-26,6.662
2015-02-27,6.694
2015-02-28,5.815
2015-03-01,5.778
2015-03-02,5.601
2015-03-03,4.964
2015-03-04,4.724
2015-03-05,5.03
2015-03-06,4.907
2015-03-07,5
2015-03-08,4.916
2015-03-09,4.929
2015-03-10,4.414
2015-03-11,4.37
2015-03-12,4.246
2015-03-13,4.295
2015-03-14,4.497
2015-03-15,4.677
2015-03-16,4.567
2015-03-17,4.394
2015-03-18,4.548
2015-03-19,5.655
2015-03-20,5.436
2015-03-21,5.396
2015-03-22,5.481
2015-03-23,5.122
2015-03-24,5.24
2015-03-25,6.066
2015-03-26,6.076
2015-03-27,5.993
2015-03-28,6.027
2015-03-29,5.796
2015-03-30,6.276
2015-03-31,6.034
2015-04-01,6.163
2015-04-02,6.054
2015-04-03,5.747
2015-04-04,5.658
2015-04-05,5.726
2015-04-06,5.432
2015-04-07,5.628
2015-04-08,5.717
2015-04-09,6.118
2015-04-10,6.183
2015-04-11,6.645
2015-04-12,6.543
2015-04-13,6.573
2015-04-14,7.314
2015-04-15,7.69
2015-04-16,7.345
2015-04-17,7.024
2015-04-18,7.369
2015-04-19,7.316
2015-04-20,7.34
2015-04-21,7.261
2015-04-22,6.682
2015-04-23,6.679
2015-04-24,6.593
2015-04-25,6.847
2015-04-26,7.159
2015-04-27,7.656
2015-04-28,6.984
2015-04-29,7.185
2015-04-30,7.212
2015-05-01,6.591
2015-05-02,6.74
2015-05-03,6.621
2015-05-04,6.363
2015-05-05,6.417
2015-05-06,6.594
2015-05-07,6.931
2015-05-08,6.489
2015-05-09,6.174
2015-05-10,6.294
2015-05-11,6.369
2015-05-12,6.276
2015-05-13,6.29
2015-05-14,6.574
2015-05-15,6.55
2015-05-16,6.537
2015-05-17,6.596
2015-05-18,6.594
2015-05-19,6.811
2015-05-20,6.85
2015-05-21,6.737
2015-05-22,6.663
2015-05-23,6.395
2015-05-24,6.482
2015-05-25,6.375
2015-05-26,6.576
2015-05-27,6.557
2015-05-28,6.59
2015-05-29,6.594
2015-05-30,6.613
2015-05-31,6.833
2015-06-01,7.038
2015-06-02,7.462
2015-06-03,7.286
2015-06-04,7.29
2015-06-05,7.381
2015-06-06,7.307
2015-06-07,7.345
2015-06-08,7.423
2015-06-09,7.094
2015-06-10,7.034
2015-06-11,7.086
2015-06-12,7.021
2015-06-13,6.985
2015-06-14,6.866
2015-06-15,6.79
2015-06-16,6.61
2015-06-17,5.951
2015-06-18,6.07
2015-06-19,6.023
2015-06-20,6.24
2015-06-21,6.196
2015-06-22,6.243
2015-06-23,6.075
2015-06-24,6.264
2015-06-25,6.433
2015-06-26,6.329
2015-06-27,6.315
2015-06-28,5.931
2015-06-29,6.022
2015-06-30,5.652
2015-07-01,5.358
2015-07-02,5.637
2015-07-03,5.763
2015-07-04,5.745
2015-07-05,5.528
2015-07-06,5.148
2015-07-07,5.195
2015-07-08,5.318
2015-07-09,5.232
2015-07-10,5.22
2015-07-11,4.707
2015-07-12,4.448
2015-07-13,3.943
2015-07-14,4.515
2015-07-15,4.632
2015-07-16,4.758
2015-07-17,5.005
2015-07-18,4.907
2015-07-19,5.119
2015-07-20,5.158
2015-07-21,5.001
2015-07-22,5.105
2015-07-23,5.062
2015-07-24,5.111
2015-07-25,4.676
2015-07-26,4.679
2015-07-27,4.592
2015-07-28,4.565
2015-07-29,4.555
2015-07-30,4.736
2015-07-31,4.796
2015-08-01,4.922
2015-08-02,5.048
2015-08-03,5.034
2015-08-04,5.053
2015-08-05,4.977
2015-08-06,5.089
2015-08-07,5.247
2015-08-08,5.271
2015-08-09,6.11
2015-08-10,5.887
2015-08-11,5.933
2015-08-12,5.701
2015-08-13,5.775
2015-08-14,5.982
2015-08-15,5.925
2015-08-16,6.146
2015-08-17,6.325
2015-08-18,6.343
2015-08-19,6.909
2015-08-20,8.255
2015-08-21,7.674
2015-08-22,7.847
2015-08-23,8.065
2015-08-24,8.279
2015-08-25,9.552
2015-08-26,8.8
2015-08-27,8.471
2015-08-28,8.667
2015-08-29,8.033
2015-08-30,8.274
2015-08-31,8.303
2015-09-01,8.245
2015-09-02,8.435
2015-09-03,8.35
2015-09-04,8.544
2015-09-05,8.261
2015-09-06,8.04
2015-09-07,7.647
2015-09-08,7.685
2015-09-09,7.477
2015-09-10,7.865
2015-09-11,7.837
2015-09-12,7.738
2015-09-13,8.043
2015-09-14,8.444
2015-09-15,8.485
2015-09-16,8.534
2015-09-17,8.618
2015-09-18,8.332
2015-09-19,8.384
2015-09-20,8.477
2015-09-21,8.489
2015-09-22,8.867
2015-09-23,8.596
2015-09-24,8.616
2015-09-25,8.344
2015-09-26,8.272
2015-09-27,8.332
2015-09-28,8.473
2015-09-29,8.034
2015-09-30,8.195
2015-10-01,8.263
2015-10-02,8.191
2015-10-03,8.231
2015-10-04,8.111
2015-10-05,8.144
2015-10-06,8.038
2015-10-07,7.666
2015-10-08,7.879
2015-10-09,7.921
2015-10-10,7.845
2015-10-11,7.771
2015-10-12,7.651
2015-10-13,7.808
2015-10-14,7.613
2015-10-15,7.421
2015-10-16,7.317
2015-10-17,6.869
2015-10-18,6.549
2015-10-19,6.971
2015-10-20,6.878
2015-10-21,6.593
2015-10-22,6.744
2015-10-23,6.407
2015-10-24,6.309
2015-10-25,6.073
2015-10-26,5.869
2015-10-27,6.004
2015-10-28,5.637
2015-10-29,5.333
2015-10-30,5.013
2015-10-31,4.625
2015-11-01,5.132
2015-11-02,4.783
2015-11-03,3.882
2015-11-04,3.202
2015-11-05,3.149
2015-11-06,3.474
2015-11-07,3.739
2015-11-08,3.465
2015-11-09,3.739
2015-11-10,3.588
2015-11-11,4.597
2015-11-12,5.637
2015-11-13,4.712
2015-11-14,4.736
2015-11-15,4.814
2015-11-16,5.279
2015-11-17,4.901
2015-11-18,4.812
2015-11-19,4.775
2015-11-20,5.121
2015-11-21,5.267
2015-11-22,5.17
2015-11-23,5.252
2015-11-24,5.296
2015-11-25,5.44
2015-11-26,5.161
2015-11-27,4.442
2015-11-28,4.318
2015-11-29,4.427
2015-11-30,4.094
2015-12-01,3.957
2015-12-02,4.34
2015-12-03,4.403
2015-12-04,4.415
2015-12-05,4.4
2015-12-06,3.867
2015-12-07,3.755
2015-12-08,3.756
2015-12-09,3.479
2015-12-10,3.408
2015-12-11,3.433
2015-12-12,2.944
2015-12-13,3.205
2015-12-14,3.187
2015-12-15,3.099
2015-12-16,2.844
2015-12-17,2.97
2015-12-18,2.967
2015-12-19,2.886
2015-12-20,2.928
2015-12-21,3.21
2015-12-22,3.29
2015-12-23,3.318
2015-12-24,3.256
2015-12-25,3.123
2015-12-26,3.127
2015-12-27,3.757
2015-12-28,3.652
2015-12-29,3.682
2015-12-30,3.531
2015-12-31,3.63
2016-01-01,3.601
2016-01-02,3.554
2016-01-03,3.577
2016-01-04,3.646
2016-01-05,3.62
2016-01-06,3.674
2016-01-07,3.7
2016-01-08,3.305
2016-01-09,3.383
2016-01-10,3.471
2016-01-11,3.523
2016-01-12,3.518
2016-01-13,3.58
2016-01-14,3.815
2016-01-15,3.89
2016-01-16,5.194
2016-01-17,4.877
2016-01-18,4.961
2016-01-19,4.933
2016-01-20,5.083
2016-01-21,4.277
2016-01-22,4.39
2016-01-23,5.068
2016-01-24,4.932
2016-01-25,4.626
2016-01-26,4.868
2016-01-27,4.964
2016-01-28,4.853
2016-01-29,5.272
2016-01-30,5.272
2016-01-31,5.362
2016-02-01,5.617
2016-02-02,5.564
2016-02-03,5.534
2016-02-04,5.735
2016-02-05,5.109
2016-02-06,5.239
2016-02-07,5.537
2016-02-08,5.523
2016-02-09,5.703
2016-02-10,5.642
2016-02-11,5.469
2016-02-12,5.558
2016-02-13,5.448
2016-02-14,5.298
2016-02-15,4.921
2016-02-16,5.05
2016-02-17,4.938
2016-02-18,4.707
2016-02-19,4.631
2016-02-20,4.682
2016-02-21,4.282
2016-02-22,4.345
2016-02-23,4.366
2016-02-24,4.767
2016-02-25,4.725
2016-02-26,4.729
2016-02-27,4.667
2016-02-28,4.602
2016-02-29,4.598
2016-03-01,4.541
2016-03-02,4.609
2016-03-03,4.82
2016-03-04,4.977
2016-03-05,5.25
2016-03-06,5.556
2016-03-07,5.391
2016-03-08,5.188
2016-03-09,5.291
2016-03-10,5.295
2016-03-11,5.246
2016-03-12,5.191
2016-03-13,5.444
2016-03-14,5.42
2016-03-15,5.399
2016-03-16,5.407
2016-03-17,5.414
2016-03-18,5.382
2016-03-19,5.679
2016-03-20,5.694
2016-03-21,5.646
2016-03-22,5.686
2016-03-23,5.576
2016-03-24,5.584
2016-03-25,5.675
2016-03-26,5.676
2016-03-27,5.682
2016-03-28,5.494
2016-03-29,5.585
2016-03-30,5.81
2016-03-31,5.913
2016-04-01,5.849
2016-04-02,5.882
2016-04-03,5.831
2016-04-04,5.844
2016-04-05,5.869
2016-04-06,5.822
2016-04-07,5.874
2016-04-08,5.939
2016-04-09,6.038
2016-04-10,6.061
2016-04-11,6.027
2016-04-12,6.026
2016-04-13,5.964
2016-04-14,6.029
2016-04-15,6.045
2016-04-16,5.945
2016-04-17,5.939
2016-04-18,6.074
2016-04-19,6.065
2016-04-20,5.896
2016-04-21,5.759
2016-04-22,5.583
2016-04-23,5.714
2016-04-24,5.623
2016-04-25,5.468
2016-04-26,5.4
2016-04-27,5.33
2016-04-28,5.824
2016-04-29,5.815
2016-04-30,5.679
2016-05-01,5.876
2016-05-02,5.81
2016-05-03,6.052
2016-05-04,5.919
2016-05-05,6.068
2016-05-06,6.034
2016-05-07,5.764
2016-05-08,5.82
2016-05-09,5.864
2016-05-10,5.829
2016-05-11,6.147
2016-05-12,6.091
2016-05-13,6.067
2016-05-14,6.068
2016-05-15,6.069
2016-05-16,6.05
2016-05-17,6.161
2016-05-18,6.23
2016-05-19,6.229
2016-05-20,6.583
2016-05-21,6.626
2016-05-22,6.603
2016-05-23,6.742
2016-05-24,6.635
2016-05-25,6.583
2016-05-26,6.495
2016-05-27,6.414
2016-05-28,5.885
2016-05-29,4.827
2016-05-30,5.004
2016-05-31,4.725
2016-06-01,4.807
2016-06-02,4.677
2016-06-03,4.704
2016-06-04,4.241
2016-06-05,4.187
2016-06-06,4.165
2016-06-07,4.062
2016-06-08,4.197
2016-06-09,4.147
2016-06-10,4.253
2016-06-11,4.227
2016-06-12,4.054
2016-06-13,3.211
2016-06-14,2.927
2016-06-15,3.073
2016-06-16,3.039
2016-06-17,2.517
2016-06-18,2.65
2016-06-19,2.595
2016-06-20,2.561
2016-06-21,2.769
2016-06-22,3.369
2016-06-23,4.325
2016-06-24,3.931
2016-06-25,3.526
2016-06-26,3.473
2016-06-27,3.926
2016-06-28,3.71
2016-06-29,3.724
2016-06-30,3.838
2016-07-01,3.478
2016-07-02,3.445
2016-07-03,3.231
2016-07-04,3.613
2016-07-05,3.482
2016-07-06,3.619
2016-07-07,3.537
2016-07-08,3.981
2016-07-09,3.672
2016-07-10,3.813
2016-07-11,3.885
2016-07-12,3.905
2016-07-13,3.646
2016-07-14,3.766
2016-07-15,3.828
2016-07-16,3.765
2016-07-17,3.822
2016-07-18,3.663
2016-07-19,3.744
2016-07-20,3.753
2016-07-21,3.845
2016-07-22,3.859
2016-07-23,4.038
2016-07-24,4.004
2016-07-25,3.971
2016-07-26,4.053
2016-07-27,4.064
2016-07-28,4.079
2016-07-29,4.1
2016-07-30,4.101
2016-07-31,4.126
2016-08-01,4.591
2016-08-02,4.838
2016-08-03,6.789
2016-08-04,5.599
2016-08-05,5.432
2016-08-06,5.483
2016-08-07,5.286
2016-08-08,5.232
2016-08-09,5.281
2016-08-10,5.373
2016-08-11,5.294
2016-08-12,5.372
2016-08-13,5.406
2016-08-14,5.475
2016-08-15,5.802
2016-08-16,5.868
2016-08-17,5.627
2016-08-18,5.807
2016-08-19,5.809
2016-08-20,5.81
2016-08-21,5.676
2016-08-22,5.738
2016-08-23,5.63
2016-08-24,5.729
2016-08-25,5.831
2016-08-26,5.89
2016-08-27,5.887
2016-08-28,6.102
2016-08-29,6.028
2016-08-30,6.07
2016-08-31,6.03
2016-09-01,6.127
2016-09-02,6.192
2016-09-03,6.145
2016-09-04,5.694
2016-09-05,5.518
2016-09-06,5.608
2016-09-07,5.545
2016-09-08,5.516
2016-09-09,5.32
2016-09-10,5.382
2016-09-11,5.38
2016-09-12,5.744
2016-09-13,5.721
2016-09-14,5.732
2016-09-15,5.737
2016-09-16,5.786
2016-09-17,5.813
2016-09-18,5.848
2016-09-19,5.801
2016-09-20,5.841
2016-09-21,5.876
2016-09-22,6.139
2016-09-23,6.198
2016-09-24,6.073
2016-09-25,6.103
2016-09-26,6.149
2016-09-27,6.072
2016-09-28,6.117
2016-09-29,6.157
2016-09-30,6.181
2016-10-01,6.137
2016-10-02,6.055
2016-10-03,6.134
2016-10-04,6.14
2016-10-05,6.217
2016-10-06,6.185
2016-10-07,6.227
2016-10-08,6.151
2016-10-09,6.142
2016-10-10,6.205
2016-10-11,6.2
2016-10-12,5.782
2016-10-13,5.889
2016-10-14,5.921
2016-10-15,5.903
2016-10-16,5.944
2016-10-17,5.911
2016-10-18,5.987
2016-10-19,6.052
2016-10-20,6.197
2016-10-21,6.239
2016-10-22,6.22
2016-10-23,5.779
2016-10-24,5.848
2016-10-25,5.918
2016-10-26,5.934
2016-10-27,5.548
2016-10-28,5.449
2016-10-29,5.411
2016-10-30,5.007
2016-10-31,5.289
2016-11-01,5.291
2016-11-02,4.912
2016-11-03,4.846
2016-11-04,5.584
2016-11-05,5.337
2016-11-06,5.361
2016-11-07,5.268
2016-11-08,5.359
2016-11-09,5.299
2016-11-10,5.168
2016-11-11,5.29
2016-11-12,5.307
2016-11-13,5.492
2016-11-14,5.551
2016-11-15,5.534
2016-11-16,5.457
2016-11-17,5.056
2016-11-18,5.118
2016-11-19,5.011
2016-11-20,5.022
2016-11-21,5.317
2016-11-22,5.23
2016-11-23,5.072
2016-11-24,5.208
2016-11-25,5.314
2016-11-26,5.264
2016-11-27,5.378
2016-11-28,5.472
2016-11-29,5.438
2016-11-30,5.472
2016-12-01,5.351
2016-12-02,5.232
2016-12-03,5.009
2016-12-04,5.121
2016-12-05,5.115
2016-12-06,5.305
2016-12-07,5.275
2016-12-08,5.198
2016-12-09,5.183
2016-12-10,5.181
2016-12-11,5.159
2016-12-12,5.267
2016-12-13,5.148
2016-12-14,5.17
2016-12-15,5.223
2016-12-16,5.261
2016-12-17,5.191
2016-12-18,5.143
2016-12-19,5.14
2016-12-20,5.15
2016-12-21,5.05
2016-12-22,4.708
2016-12-23,4.392
2016-12-24,3.878
2016-12-25,4.126
2016-12-26,4.144
2016-12-27,4.094
2016-12-28,3.871
2016-12-29,3.526
2016-12-30,3.55
2016-12-31,3.654
2017-01-01,3.634
2017-01-02,3.416
2017-01-03,3.285
2017-01-04,3.194
2017-01-05,2.655
2017-01-06,3.511
2017-01-07,4.39
2017-01-08,4.376
2017-01-09,4.275
2017-01-10,4.303
2017-01-11,4.276
2017-01-12,5.69
2017-01-13,5.363
2017-01-14,5.191
2017-01-15,5.274
2017-01-16,5.27
2017-01-17,5.21
2017-01-18,4.418
2017-01-19,4.72
2017-01-20,4.492
2017-01-21,4.531
2017-01-22,4.285
2017-01-23,4.309
2017-01-24,4.299
2017-01-25,4.588
2017-01-26,4.597
2017-01-27,4.403
2017-01-28,4.396
2017-01-29,4.408
2017-01-30,4.462
2017-01-31,4.418
2017-02-01,4.032
2017-02-02,3.91
2017-02-03,3.758
2017-02-04,3.706
2017-02-05,3.587
2017-02-06,3.714
2017-02-07,3.667
2017-02-08,3.51
2017-02-09,3.486
2017-02-10,4.069
2017-02-11,3.935
2017-02-12,3.867
2017-02-13,3.976
2017-02-14,4.001
2017-02-15,3.915
2017-02-16,3.932
2017-02-17,3.769
2017-02-18,3.661
2017-02-19,3.658
2017-02-20,3.702
2017-02-21,3.525
2017-02-22,3.286
2017-02-23,3.295
2017-02-24,3.028
2017-02-25,3.02
2017-02-26,3.183
2017-02-27,3.078
2017-02-28,3.006
2017-03-01,3.02
2017-03-02,2.873
2017-03-03,2.74
2017-03-04,2.638
2017-03-05,2.735
2017-03-06,2.721
2017-03-07,2.713
2017-03-08,2.928
2017-03-09,3.402
2017-03-10,3.171
2017-03-11,3.656
2017-03-12,3.271
2017-03-13,3.047
2017-03-14,3
2017-03-15,2.993
2017-03-16,2.961
2017-03-17,3.402
2017-03-18,4.097
2017-03-19,5.012
2017-03-20,4.544
2017-03-21,4.351
2017-03-22,3.816
2017-03-23,4.42
2017-03-24,4.524
2017-03-25,5.514
2017-03-26,5.236
2017-03-27,5.224
2017-03-28,4.514
2017-03-29,4.541
2017-03-30,4.583
2017-03-31,4.639
2017-04-01,4.312
2017-04-02,4.277
2017-04-03,4.21
2017-04-04,3.868
2017-04-05,3.928
2017-04-06,4.031
2017-04-07,3.661
2017-04-08,3.669
2017-04-09,3.749
2017-04-10,3.623
2017-04-11,3.629
2017-04-12,3.565
2017-04-13,3.633
2017-04-14,3.882
2017-04-15,3.895
2017-04-16,3.918
2017-04-17,3.94
2017-04-18,3.847
2017-04-19,3.791
2017-04-20,3.754
2017-04-21,3.636
2017-04-22,3.589
2017-04-23,3.66
2017-04-24,3.631
2017-04-25,3.657
2017-04-26,3.584
2017-04-27,3.48
2017-04-28,3.26
2017-04-29,3.296
2017-04-30,3.282
2017-05-01,3.224
2017-05-02,2.957
2017-05-03,2.852
2017-05-04,2.718
2017-05-05,2.623
2017-05-06,2.671
2017-05-07,2.559
2017-05-08,2.545
2017-05-09,2.234
2017-05-10,2.162
2017-05-11,2.043
2017-05-12,1.909
2017-05-13,2.237
2017-05-14,2.059
2017-05-15,2.052
2017-05-16,2.223
2017-05-17,2.185
2017-05-18,2.027
2017-05-19,1.871
2017-05-20,1.732
2017-05-21,1.613
2017-05-22,1.618
2017-05-23,1.509
2017-05-24,1.328
2017-05-25,1.156
2017-05-26,1.31
2017-05-27,1.394
2017-05-28,1.681
2017-05-29,1.488
2017-05-30,1.384
2017-05-31,1.506
2017-06-01,1.375
2017-06-02,1.263
2017-06-03,1.193
2017-06-04,1.153
2017-06-05,1.183
2017-06-06,1.038
2017-06-07,0.93
2017-06-08,1.066
2017-06-09,0.994
2017-06-10,0.994
2017-06-11,0.942
2017-06-12,0.904
2017-06-13,1.143
2017-06-14,1.105
2017-06-15,1.347
2017-06-16,1.386
2017-06-17,1.324
2017-06-18,1.192
2017-06-19,1.313
2017-06-20,1.247
2017-06-21,1.135
2017-06-22,1.211
2017-06-23,1.18
2017-06-24,1.201
2017-06-25,1.326
2017-06-26,1.388
2017-06-27,1.511
2017-06-28,1.364
2017-06-29,1.382
2017-06-30,1.414
2017-07-01,1.516
2017-07-02,1.599
2017-07-03,1.472
2017-07-04,1.442
2017-07-05,1.404
2017-07-06,1.404
2017-07-07,1.43
2017-07-08,1.559
2017-07-09,1.509
2017-07-10,1.586
2017-07-11,1.834
2017-07-12,1.878
2017-07-13,1.769
2017-07-14,1.843
2017-07-15,2.074
2017-07-16,2.671
2017-07-17,2.86
2017-07-18,2.112
2017-07-19,1.969
2017-07-20,2.047
2017-07-21,1.307
2017-07-22,1.51
2017-07-23,1.352
2017-07-24,1.442
2017-07-25,1.444
2017-07-26,1.665
2017-07-27,1.708
2017-07-28,1.555
2017-07-29,1.44
2017-07-30,1.53
2017-07-31,1.505
2017-08-01,1.397
2017-08-02,1.552
2017-08-03,1.595
2017-08-04,1.506
2017-08-05,1.447
2017-08-06,1.135
2017-08-07,1.167
2017-08-08,1.062
2017-08-09,1.054
2017-08-10,1.115
2017-08-11,1.074
2017-08-12,0.952
2017-08-13,0.856
2017-08-14,0.784
2017-08-15,0.698
2017-08-16,0.762
2017-08-17,0.692
2017-08-18,0.735
2017-08-19,0.806
2017-08-20,0.796
2017-08-21,0.836
2017-08-22,0.87
2017-08-23,0.842
2017-08-24,0.828
2017-08-25,0.768
2017-08-26,0.759
2017-08-27,0.77
2017-08-28,0.78
2017-08-29,0.771
2017-08-30,0.709
2017-08-31,0.721
2017-09-01,0.682
2017-09-02,0.637
2017-09-03,0.745
2017-09-04,0.739
2017-09-05,0.872
2017-09-06,0.824
2017-09-07,0.758
2017-09-08,0.759
2017-09-09,0.88
2017-09-10,0.884
2017-09-11,0.93
2017-09-12,0.95
2017-09-13,0.985
2017-09-14,1.147
2017-09-15,1.646
2017-09-16,1.264
2017-09-17,1.284
2017-09-18,1.3
2017-09-19,1.061
2017-09-20,1.177
2017-09-21,1.201
2017-09-22,1.394
2017-09-23,1.417
2017-09-24,1.289
2017-09-25,1.386
2017-09-26,1.214
2017-09-27,1.249
2017-09-28,1.075
2017-09-29,1.093
2017-09-30,1.114
2017-10-01,1.028
2017-10-02,1.016
2017-10-03,1.025
2017-10-04,1.076
2017-10-05,1.136
2017-10-06,1.092
2017-10-07,1.077
2017-10-08,1.055
2017-10-09,0.985
2017-10-10,0.926
2017-10-11,0.941
2017-10-12,0.926
2017-10-13,0.738
2017-10-14,0.692
2017-10-15,0.655
2017-10-16,0.694
2017-10-17,0.684
2017-10-18,0.731
2017-10-19,0.745
2017-10-20,0.72
2017-10-21,0.658
2017-10-22,0.662
2017-10-23,0.674
2017-10-24,0.699
2017-10-25,0.809
2017-10-26,0.755
2017-10-27,0.723
2017-10-28,0.762
2017-10-29,0.78
2017-10-30,0.683
2017-10-31,0.695
2017-11-01,0.633
2017-11-02,0.586
2017-11-03,0.545
2017-11-04,0.531
2017-11-05,0.507
2017-11-06,0.509
2017-11-07,0.58
2017-11-08,0.562
2017-11-09,0.517
2017-11-10,0.57
2017-11-11,0.679
2017-11-12,0.736
2017-11-13,0.865
2017-11-14,0.709
2017-11-15,0.7
2017-11-16,0.58
2017-11-17,0.504
2017-11-18,0.53
2017-11-19,0.524
2017-11-20,0.495
2017-11-21,0.476
2017-11-22,0.499
2017-11-23,0.487
2017-11-24,0.52
2017-11-25,0.501
2017-11-26,0.444
2017-11-27,0.396
2017-11-28,0.367
2017-11-29,0.358
2017-11-30,0.367
2017-12-01,0.362
2017-12-02,0.307
2017-12-03,0.308
2017-12-04,0.293
2017-12-05,0.277
2017-12-06,0.278
2017-12-07,0.202
2017-12-08,0.136
2017-12-09,0.152
2017-12-10,0.18
2017-12-11,0.177
2017-12-12,0.145
2017-12-13,0.14
2017-12-14,0.156
2017-12-15,0.155
2017-12-16,0.137
2017-12-17,0.115
2017-12-18,0.12
2017-12-19,0.123
2017-12-20,0.145
2017-12-21,0.167
2017-12-22,0.187
2017-12-23,0.247
2017-12-24,0.225
2017-12-25,0.248
2017-12-26,0.249
2017-12-27,0.193
2017-12-28,0.204
2017-12-29,0.236
2017-12-30,0.239
2017-12-31,0.318
2018-01-01,0.263
2018-01-02,0.282
2018-01-03,0.237
2018-01-04,0.227
2018-01-05,0.228
2018-01-06,0.185
2018-01-07,0.182
2018-01-08,0.207
2018-01-09,0.245
2018-01-10,0.254
2018-01-11,0.248
2018-01-12,0.31
2018-01-13,0.297
2018-01-14,0.283
2018-01-15,0.312
2018-01-16,0.315
2018-01-17,0.462
2018-01-18,0.481
2018-01-19,0.481
2018-01-20,0.458
2018-01-21,0.375
2018-01-22,0.465
2018-01-23,0.535
2018-01-24,0.536
2018-01-25,0.49
2018-01-26,0.517
2018-01-27,0.53
2018-01-28,0.503
2018-01-29,0.48
2018-01-30,0.533
2018-01-31,0.659
2018-02-01,0.652
2018-02-02,0.823
2018-02-03,0.886
2018-02-04,0.828
2018-02-05,1.055
2018-02-06,1.493
2018-02-07,1.22
2018-02-08,1.263
2018-02-09,1.1
2018-02-10,0.976
2018-02-11,1.016
2018-02-12,1.148
2018-02-13,0.953
2018-02-14,1.044
2018-02-15,0.854
2018-02-16,0.767
2018-02-17,0.752
2018-02-18,0.641
2018-02-19,0.733
2018-02-20,0.641
2018-02-21,0.638
2018-02-22,0.742
2018-02-23,0.846
2018-02-24,0.798
2018-02-25,0.883
2018-02-26,0.911
2018-02-27,0.797
2018-02-28,0.757
2018-03-01,0.801
2018-03-02,0.724
2018-03-03,0.739
2018-03-04,0.671
2018-03-05,0.674
2018-03-06,0.689
2018-03-07,0.781
2018-03-08,0.913
2018-03-09,1.042
2018-03-10,1.067
2018-03-11,1.188
2018-03-12,1.01
2018-03-13,1.105
2018-03-14,1.107
2018-03-15,1.383
2018-03-16,1.372
2018-03-17,1.371
2018-03-18,1.526
2018-03-19,1.413
2018-03-20,1.286
2018-03-21,1.208
2018-03-22,1.216
2018-03-23,1.273
2018-03-24,1.225
2018-03-25,1.34
2018-03-26,1.371
2018-03-27,1.491
2018-03-28,1.632
2018-03-29,1.577
2018-03-30,1.973
2018-03-31,2.144
2018-04-01,2.101
2018-04-02,2.18
2018-04-03,2.042
2018-04-04,1.861
2018-04-05,2.224
2018-04-06,2.253
2018-04-07,2.373
2018-04-08,2.192
2018-04-09,2.125
2018-04-10,2.294
2018-04-11,2.257
2018-04-12,2.199
2018-04-13,1.704
2018-04-14,1.731
2018-04-15,1.689
2018-04-16,1.556
2018-04-17,1.679
2018-04-18,1.757
2018-04-19,1.652
2018-04-20,1.615
2018-04-21,1.419
2018-04-22,1.408
2018-04-23,1.454
2018-04-24,1.414
2018-04-25,1.225
2018-04-26,1.456
2018-04-27,1.336
2018-04-28,1.449
2018-04-29,1.33
2018-04-30,1.319
2018-05-01,1.375
2018-05-02,1.434
2018-05-03,1.388
2018-05-04,1.252
2018-05-05,1.268
2018-05-06,1.237
2018-05-07,1.294
2018-05-08,1.362
2018-05-09,1.439
2018-05-10,1.406
2018-05-11,1.505
2018-05-12,1.741
2018-05-13,1.726
2018-05-14,1.641
2018-05-15,1.654
2018-05-16,1.738
2018-05-17,1.8
2018-05-18,1.935
2018-05-19,1.856
2018-05-20,1.862
2018-05-21,1.746
2018-05-22,1.803
2018-05-23,1.992
2018-05-24,2.267
2018-05-25,2.224
2018-05-26,2.297
2018-05-27,2.375
2018-05-28,2.376
2018-05-29,2.548
2018-05-30,2.32
2018-05-31,2.368
2018-06-01,2.309
2018-06-02,2.299
2018-06-03,2.235
2018-06-04,2.193
2018-06-05,2.331
2018-06-06,2.257
2018-06-07,2.244
2018-06-08,2.226
2018-06-09,2.274
2018-06-10,2.341
2018-06-11,2.885
2018-06-12,2.795
2018-06-13,3.084
2018-06-14,3.331
2018-06-15,3.004
2018-06-16,3.23
2018-06-17,3.135
2018-06-18,3.178
2018-06-19,2.936
2018-06-20,2.907
2018-06-21,2.894
2018-06-22,2.924
2018-06-23,3.606
2018-06-24,3.471
2018-06-25,3.481
2018-06-26,3.36
2018-06-27,3.544
2018-06-28,3.45
2018-06-29,3.765
2018-06-30,3.366
2018-07-01,3.163
2018-07-02,3.185
2018-07-03,2.938
2018-07-04,3.025
2018-07-05,2.938
2018-07-06,2.974
2018-07-07,2.9
2018-07-08,2.764
2018-07-09,2.798
2018-07-10,2.83
2018-07-11,3.154
2018-07-12,3.067
2018-07-13,3.197
2018-07-14,3.21
2018-07-15,3.178
2018-07-16,3.062
2018-07-17,2.729
2018-07-18,2.301
2018-07-19,2.259
2018-07-20,2.2
2018-07-21,2.281
2018-07-22,2.235
2018-07-23,2.229
2018-07-24,2.049
2018-07-25,1.727
2018-07-26,1.823
2018-07-27,1.93
2018-07-28,1.81
2018-07-29,1.787
2018-07-30,1.793
2018-07-31,1.807
2018-08-01,2.021
2018-08-02,2.084
2018-08-03,2.121
2018-08-04,2.185
2018-08-05,2.441
2018-08-06,2.43
2018-08-07,2.487
2018-08-08,2.65
2018-08-09,2.989
2018-08-10,2.741
2018-08-11,3.171
2018-08-12,2.899
2018-08-13,2.909
2018-08-14,3.005
2018-08-15,3.147
2018-08-16,2.877
2018-08-17,2.968
2018-08-18,2.764
2018-08-19,2.867
2018-08-20,2.779
2018-08-21,2.824
2018-08-22,2.806
2018-08-23,2.889
2018-08-24,2.806
2018-08-25,2.634
2018-08-26,2.613
2018-08-27,2.624
2018-08-28,2.615
2018-08-29,2.359
2018-08-30,2.38
2018-08-31,2.455
2018-09-01,2.406
2018-09-02,2.298
2018-09-03,2.249
2018-09-04,2.237
2018-09-05,2.194
2018-09-06,2.462
2018-09-07,2.842
2018-09-08,2.825
2018-09-09,3.078
2018-09-10,2.876
2018-09-11,2.958
2018-09-12,2.971
2018-09-13,2.935
2018-09-14,2.815
2018-09-15,2.767
2018-09-16,2.781
2018-09-17,2.782
2018-09-18,3.002
2018-09-19,2.925
2018-09-20,2.857
2018-09-21,2.837
2018-09-22,2.592
2018-09-23,2.609
2018-09-24,2.621
2018-09-25,2.665
2018-09-26,2.865
2018-09-27,2.763
2018-09-28,2.609
2018-09-29,2.653
2018-09-30,2.703
2018-10-01,2.7
2018-10-02,2.7
2018-10-03,2.729
2018-10-04,2.783
2018-10-05,2.72
2018-10-06,2.717
2018-10-07,2.704
2018-10-08,2.681
2018-10-09,2.652
2018-10-10,2.683
2018-10-11,2.72
2018-10-12,2.971
2018-10-13,2.971
2018-10-14,2.998
2018-10-15,2.967
2018-10-16,2.753
2018-10-17,2.721
2018-10-18,2.759
2018-10-19,2.813
2018-10-20,2.835
2018-10-21,2.826
2018-10-22,2.783
2018-10-23,2.823
2018-10-24,2.842
2018-10-25,2.827
2018-10-26,2.847
2018-10-27,2.853
2018-10-28,2.857
2018-10-29,2.856
2018-10-30,2.995
2018-10-31,2.989
2018-11-01,3.002
2018-11-02,2.957
2018-11-03,2.951
2018-11-04,2.974
2018-11-05,3.019
2018-11-06,2.919
2018-11-07,2.892
2018-11-08,2.823
2018-11-09,2.893
2018-11-10,2.946
2018-11-11,2.927
2018-11-12,2.954
2018-11-13,2.955
2018-11-14,2.982
2018-11-15,3.732
2018-11-16,3.859
2018-11-17,3.975
2018-11-18,3.9
2018-11-19,3.822
2018-11-20,5.026
2018-11-21,6.274
2018-11-22,5.78
2018-11-23,5.975
2018-11-24,6.25
2018-11-25,8.249
2018-11-26,7.302
2018-11-27,8.574
2018-11-28,7.907
2018-11-29,6.575
2018-11-30,6.508
2018-12-01,7.372
2018-12-02,6.534
2018-12-03,6.711
2018-12-04,7.652
2018-12-05,7.391
2018-12-06,8.133
2018-12-07,8.68
2018-12-08,9.808
2018-12-09,9.92
2018-12-10,8.8
2018-12-11,9.318
2018-12-12,9.662
2018-12-13,9.427
2018-12-14,10.396
2018-12-15,10.597
2018-12-16,10.703
2018-12-17,10.63
2018-12-18,9.028
2018-12-19,8.665
2018-12-20,7.907
2018-12-21,6.618
2018-12-22,7.409
2018-12-23,7.259
2018-12-24,6.934
2018-12-25,6.596
2018-12-26,7.568
2018-12-27,7.41
2018-12-28,8.287
2018-12-29,7.145
2018-12-30,7.062
2018-12-31,7.367
2019-01-01,7.864
2019-01-02,7.738
2019-01-03,7.1
2019-01-04,7.405
2019-01-05,7.357
2019-01-06,7.373
2019-01-07,6.597
2019-01-08,6.729
2019-01-09,6.691
2019-01-10,6.671
2019-01-11,8.058
2019-01-12,7.98
2019-01-13,8.082
2019-01-14,8.573
2019-01-15,7.904
2019-01-16,8.233
2019-01-17,8.155
2019-01-18,8.018
2019-01-19,8.071
2019-01-20,7.722
2019-01-21,8.265
2019-01-22,8.42
2019-01-23,8.254
2019-01-24,8.334
2019-01-25,8.239
2019-01-26,8.244
2019-01-27,8.184
2019-01-28,8.249
2019-01-29,8.846
2019-01-30,8.913
2019-01-31,8.731
2019-02-01,8.819
2019-02-02,8.665
2019-02-03,8.683
2019-02-04,8.827
2019-02-05,8.808
2019-02-06,8.772
2019-02-07,8.965
2019-02-08,9.037
2019-02-09,7.877
2019-02-10,7.735
2019-02-11,7.686
2019-02-12,7.761
2019-02-13,7.797
2019-02-14,7.818
2019-02-15,7.845
2019-02-16,7.837
2019-02-17,7.711
2019-02-18,7.639
2019-02-19,6.669
2019-02-20,6.48
2019-02-21,6.392
2019-02-22,6.526
2019-02-23,6.331
2019-02-24,5.865
2019-02-25,6.906
2019-02-26,6.684
2019-02-27,6.773
2019-02-28,6.941
2019-03-01,6.79
2019-03-02,6.648
2019-03-03,6.726
2019-03-04,6.793
2019-03-05,7.122
2019-03-06,6.616
2019-03-07,6.555
2019-03-08,6.52
2019-03-09,6.652
2019-03-10,6.387
2019-03-11,6.377
2019-03-12,6.524
2019-03-13,6.488
2019-03-14,6.51
2019-03-15,6.459
2019-03-16,6.334
2019-03-17,6.066
2019-03-18,6.093
2019-03-19,6.077
2019-03-20,5.946
2019-03-21,5.899
2019-03-22,6.059
2019-03-23,6.053
2019-03-24,6.054
2019-03-25,6.079
2019-03-26,6.239
2019-03-27,6.2
2019-03-28,5.9
2019-03-29,5.902
2019-03-30,5.863
2019-03-31,5.804
2019-04-01,5.784
2019-04-02,5.65
2019-04-03,4.256
2019-04-04,3.525
2019-04-05,3.985
2019-04-06,3.868
2019-04-07,3.853
2019-04-08,3.651
2019-04-09,3.517
2019-04-10,3.58
2019-04-11,3.487
2019-04-12,3.845
2019-04-13,3.792
2019-04-14,3.775
2019-04-15,3.726
2019-04-16,3.835
2019-04-17,3.569
2019-04-18,3.538
2019-04-19,3.474
2019-04-20,3.5
2019-04-21,3.488
2019-04-22,3.505
2019-04-23,3.351
2019-04-24,3.131
2019-04-25,3.29
2019-04-26,3.287
2019-04-27,3.559
2019-04-28,3.5
2019-04-29,3.545
2019-04-30,3.601
2019-05-01,3.455
2019-05-02,3.408
2019-05-03,3.251
2019-05-04,2.946
2019-05-05,2.905
2019-05-06,2.943
2019-05-07,2.993
2019-05-08,2.821
2019-05-09,2.803
2019-05-10,2.632
2019-05-11,2.461
2019-05-12,2.038
2019-05-13,1.965
2019-05-14,1.56
2019-05-15,1.649
2019-05-16,1.514
2019-05-17,1.603
2019-05-18,1.933
2019-05-19,1.897
2019-05-20,1.557
2019-05-21,1.58
2019-05-22,1.597
2019-05-23,1.718
2019-05-24,1.638
2019-05-25,1.581
2019-05-26,1.591
2019-05-27,1.399
2019-05-28,1.345
2019-05-29,1.375
2019-05-30,1.389
2019-05-31,1.527
2019-06-01,1.44
2019-06-02,1.423
2019-06-03,1.392
2019-06-04,1.457
2019-06-05,1.83
2019-06-06,1.768
2019-06-07,1.779
2019-06-08,1.688
2019-06-09,1.724
2019-06-10,1.835
2019-06-11,1.716
2019-06-12,1.74
2019-06-13,1.653
2019-06-14,1.601
2019-06-15,1.498
2019-06-16,1.441
2019-06-17,1.374
2019-06-18,1.316
2019-06-19,1.381
2019-06-20,1.355
2019-06-21,1.266
2019-06-22,1.169
2019-06-23,1.031
2019-06-24,0.957
2019-06-25,0.981
2019-06-26,0.897
2019-06-27,0.753
2019-06-28,1.031
2019-06-29,0.793
2019-06-30,0.856
2019-07-01,0.953
2019-07-02,1.104
2019-07-03,1.091
2019-07-04,0.969
2019-07-05,0.933
2019-07-06,1.047
2019-07-07,1.023
2019-07-08,0.979
2019-07-09,0.868
2019-07-10,0.831
2019-07-11,0.927
2019-07-12,1.037
2019-07-13,0.961
2019-07-14,1.115
2019-07-15,1.192
2019-07-16,1.173
2019-07-17,1.471
2019-07-18,1.429
2019-07-19,1.251
2019-07-20,1.261
2019-07-21,1.183
2019-07-22,1.274
2019-07-23,1.351
2019-07-24,1.41
2019-07-25,1.514
2019-07-26,1.491
2019-07-27,1.514
2019-07-28,1.636
2019-07-29,1.647
2019-07-30,1.649
2019-07-31,1.635
2019-08-01,1.502
2019-08-02,1.407
2019-08-03,1.406
2019-08-04,1.305
2019-08-05,1.301
2019-08-06,1.138
2019-08-07,1.215
2019-08-08,1.111
2019-08-09,1.169
2019-08-10,1.142
2019-08-11,1.263
2019-08-12,1.241
2019-08-13,1.273
2019-08-14,1.4
2019-08-15,1.615
2019-08-16,1.576
2019-08-17,1.558
2019-08-18,1.663
2019-08-19,1.59
2019-08-20,1.507
2019-08-21,1.495
2019-08-22,1.725
2019-08-23,1.729
2019-08-24,1.644
2019-08-25,1.767
2019-08-26,1.793
2019-08-27,1.722
2019-08-28,1.765
2019-08-29,1.94
2019-08-30,2.045
2019-08-31,2.02
2019-09-01,2.034
2019-09-02,2.005
2019-09-03,1.768
2019-09-04,1.682
2019-09-05,1.706
2019-09-06,1.745
2019-09-07,1.807
2019-09-08,1.776
2019-09-09,1.823
2019-09-10,1.883
2019-09-11,1.965
2019-09-12,1.972
2019-09-13,1.888
2019-09-14,1.924
2019-09-15,1.902
2019-09-16,1.948
2019-09-17,1.957
2019-09-18,2.018
2019-09-19,2.029
2019-09-20,2.021
2019-09-21,2.092
2019-09-22,2.163
2019-09-23,2.14
2019-09-24,2.309
2019-09-25,2.886
2019-09-26,2.974
2019-09-27,3.398
2019-09-28,3.301
2019-09-29,3.367
2019-09-30,3.464
2019-10-01,3.319
2019-10-02,3.296
2019-10-03,3.359
2019-10-04,3.44
2019-10-05,3.46
2019-10-06,3.482
2019-10-07,3.716
2019-10-08,3.475
2019-10-09,3.547
2019-10-10,3.142
2019-10-11,3.245
2019-10-12,3.45
2019-10-13,3.452
2019-10-14,3.548
2019-10-15,3.514
2019-10-16,3.673
2019-10-17,3.857
2019-10-18,3.8
2019-10-19,3.925
2019-10-20,3.925
2019-10-21,3.704
2019-10-22,3.709
2019-10-23,3.832
2019-10-24,4.56
2019-10-25,4.568
2019-10-26,3.457
2019-10-27,3.016
2019-10-28,2.82
2019-10-29,2.888
2019-10-30,2.907
2019-10-31,3.064
2019-11-01,3.154
2019-11-02,3.079
2019-11-03,3.042
2019-11-04,3.12
2019-11-05,3.021
2019-11-06,3.065
2019-11-07,3.08
2019-11-08,3.159
2019-11-09,3.479
2019-11-10,3.504
2019-11-11,3.307
2019-11-12,3.602
2019-11-13,3.577
2019-11-14,3.613
2019-11-15,3.722
2019-11-16,3.841
2019-11-17,3.88
2019-11-18,3.84
2019-11-19,4.173
2019-11-20,4.273
2019-11-21,4.336
2019-11-22,4.888
2019-11-23,5.378
2019-11-24,5.326
2019-11-25,5.759
2019-11-26,5.511
2019-11-27,5.633
2019-11-28,5.058
2019-11-29,5.284
2019-11-30,4.837
2019-12-01,5.083
2019-12-02,5.313
2019-12-03,5.426
2019-12-04,5.449
2019-12-05,5.589
2019-12-06,5.341
2019-12-07,5.161
2019-12-08,5.165
2019-12-09,5.141
2019-12-10,5.445
2019-12-11,5.583
2019-12-12,5.703
2019-12-13,5.673
2019-12-14,5.604
2019-12-15,5.849
2019-12-16,5.808
2019-12-17,6.199
2019-12-18,6.78
2019-12-19,5.534
2019-12-20,5.772
2019-12-21,5.691
2019-12-22,5.783
2019-12-23,5.385
2019-12-24,5.56
2019-12-25,5.659
2019-12-26,5.709
2019-12-27,5.738
2019-12-28,5.687
2019-12-29,5.585
2019-12-30,5.464
2019-12-31,5.671
2020-01-01,5.788
2020-01-02,5.788
2020-01-03,6.151
2020-01-04,5.609
2020-01-05,5.548
2020-01-06,5.553
2020-01-07,5.016
2020-01-08,4.641
2020-01-09,4.583
2020-01-10,4.903
2020-01-11,4.61
2020-01-12,4.628
2020-01-13,4.535
2020-01-14,4.55
2020-01-15,3.943
2020-01-16,3.87
2020-01-17,3.935
2020-01-18,3.769
2020-01-19,3.76
2020-01-20,4.022
2020-01-21,3.985
2020-01-22,3.95
2020-01-23,4.021
2020-01-24,4.221
2020-01-25,4.2
2020-01-26,4.3
2020-01-27,4.095
2020-01-28,3.769
2020-01-29,3.581
2020-01-30,3.449
2020-01-31,3.297
2020-02-01,3.411
2020-02-02,3.429
2020-02-03,3.409
2020-02-04,3.502
2020-02-05,3.57
2020-02-06,3.259
2020-02-07,3.216
2020-02-08,3.145
2020-02-09,3.08
2020-02-10,2.963
2020-02-11,3.127
2020-02-12,2.907
2020-02-13,2.843
2020-02-14,2.92
2020-02-15,2.849
2020-02-16,3.114
2020-02-17,3.07
2020-02-18,3.294
2020-02-19,2.982
2020-02-20,3.259
2020-02-21,3.296
2020-02-22,3.302
2020-02-23,3.293
2020-02-24,3.149
2020-02-25,3.311
2020-02-26,3.486
2020-02-27,3.966
2020-02-28,4.009
2020-02-29,4.012
2020-03-01,4.136
2020-03-02,4.185
2020-03-03,3.87
2020-03-04,4.014
2020-03-05,4.039
2020-03-06,3.737
2020-03-07,3.721
2020-03-08,3.883
2020-03-09,4.578
2020-03-10,4.96
2020-03-11,4.89
2020-03-12,4.896
2020-03-13,8.912
2020-03-14,9.728
2020-03-15,10.829
2020-03-16,10.697
2020-03-17,12.436
2020-03-18,10.317
2020-03-19,10.773
2020-03-20,7.613
2020-03-21,7.864
2020-03-22,8.081
2020-03-23,8.755
2020-03-24,7.52
2020-03-25,6.68
2020-03-26,6.83
2020-03-27,6.756
2020-03-28,6.815
2020-03-29,7.895
2020-03-30,8.662
2020-03-31,7.195
2020-04-01,7.303
2020-04-02,7.462
2020-04-03,6.51
2020-04-04,6.667
2020-04-05,6.456
2020-04-06,6.568
2020-04-07,5.731
2020-04-08,5.838
2020-04-09,5.618
2020-04-10,5.651
2020-04-11,6.288
2020-04-12,6.388
2020-04-13,5.959
2020-04-14,6.427
2020-04-15,6.408
2020-04-16,6.638
2020-04-17,6.099
2020-04-18,6.088
2020-04-19,5.816
2020-04-20,5.905
2020-04-21,6.433
2020-04-22,6.353
2020-04-23,6.02
2020-04-24,5.305
2020-04-25,5.37
2020-04-26,5.367
2020-04-27,5.232
2020-04-28,5.094
2020-04-29,5.111
2020-04-30,3.927
2020-05-01,3.951
2020-05-02,3.927
2020-05-03,3.851
2020-05-04,3.904
2020-05-05,3.866
2020-05-06,3.831
2020-05-07,3.609
2020-05-08,3.2
2020-05-09,3.122
2020-05-10,3.349
2020-05-11,4.039
2020-05-12,4.252
2020-05-13,4.066
2020-05-14,3.612
2020-05-15,3.315
2020-05-16,3.547
2020-05-17,3.585
2020-05-18,3.323
2020-05-19,3.369
2020-05-20,3.383
2020-05-21,3.47
2020-05-22,3.833
2020-05-23,3.771
2020-05-24,3.744
2020-05-25,3.879
2020-05-26,4.03
2020-05-27,4.083
2020-05-28,3.879
2020-05-29,3.607
2020-05-30,3.643
2020-05-31,3.604
2020-06-01,3.595
2020-06-02,3.466
2020-06-03,3.558
2020-06-04,3.533
2020-06-05,3.408
2020-06-06,3.477
2020-06-07,3.476
2020-06-08,3.474
2020-06-09,3.469
2020-06-10,3.43
2020-06-11,3.402
2020-06-12,3.78
2020-06-13,3.707
2020-06-14,3.739
2020-06-15,3.807
2020-06-16,3.734
2020-06-17,3.702
2020-06-18,3.771
2020-06-19,3.827
2020-06-20,3.861
2020-06-21,3.876
2020-06-22,3.886
2020-06-23,3.622
2020-06-24,3.665
2020-06-25,3.974
2020-06-26,3.935
2020-06-27,4.075
2020-06-28,4.258
2020-06-29,4.14
2020-06-30,4.076
2020-07-01,4.129
2020-07-02,4.078
2020-07-03,4.192
2020-07-04,4.223
2020-07-05,4.213
2020-07-06,4.301
2020-07-07,4.075
2020-07-08,4.14
2020-07-09,3.986
2020-07-10,4.159
2020-07-11,4.197
2020-07-12,4.201
2020-07-13,4.162
2020-07-14,4.202
2020-07-15,4.219
2020-07-16,4.241
2020-07-17,4.341
2020-07-18,4.334
2020-07-19,4.323
2020-07-20,4.332
2020-07-21,4.345
2020-07-22,4.173
2020-07-23,4.19
2020-07-24,3.999
2020-07-25,4.004
2020-07-26,3.947
2020-07-27,3.788
2020-07-28,3.097
2020-07-29,3.082
2020-07-30,2.931
2020-07-31,3.052
2020-08-01,2.908
2020-08-02,2.736
2020-08-03,3.057
2020-08-04,2.973
2020-08-05,3.017
2020-08-06,2.76
2020-08-07,2.785
2020-08-08,2.844
2020-08-09,2.795
2020-08-10,2.85
2020-08-11,2.773
2020-08-12,3.024
2020-08-13,2.939
2020-08-14,2.867
2020-08-15,2.827
2020-08-16,2.753
2020-08-17,2.805
2020-08-18,2.613
2020-08-19,2.729
2020-08-20,2.895
2020-08-21,2.847
2020-08-22,3.016
2020-08-23,2.942
2020-08-24,2.951
2020-08-25,2.906
2020-08-26,3.147
2020-08-27,3.071
2020-08-28,3.182
2020-08-29,3.066
2020-08-30,3.072
2020-08-31,3.031
2020-09-01,3.016
2020-09-02,2.831
2020-09-03,3.173
2020-09-04,3.576
2020-09-05,3.686
2020-09-06,4.038
2020-09-07,3.868
2020-09-08,4
2020-09-09,4.11
2020-09-10,3.952
2020-09-11,3.906
2020-09-12,3.901
2020-09-13,3.815
2020-09-14,3.921
2020-09-15,3.648
2020-09-16,3.561
2020-09-17,3.478
2020-09-18,3.512
2020-09-19,3.539
2020-09-20,3.471
2020-09-21,3.581
2020-09-22,3.834
2020-09-23,3.837
2020-09-24,4.053
2020-09-25,3.776
2020-09-26,3.727
2020-09-27,3.743
2020-09-28,3.754
2020-09-29,3.659
2020-09-30,3.76
2020-10-01,3.811
2020-10-02,3.893
2020-10-03,4.019
2020-10-04,3.969
2020-10-05,3.93
2020-10-06,3.883
2020-10-07,4.022
2020-10-08,3.971
2020-10-09,3.83
2020-10-10,3.729
2020-10-11,3.536
2020-10-12,3.58
2020-10-13,3.387
2020-10-14,3.522
2020-10-15,3.593
2020-10-16,3.524
2020-10-17,3.652
2020-10-18,3.657
2020-10-19,3.603
2020-10-20,3.443
2020-10-21,3.364
2020-10-22,2.868
2020-10-23,2.828
2020-10-24,2.898
2020-10-25,2.849
2020-10-26,2.879
2020-10-27,2.886
2020-10-28,2.612
2020-10-29,2.812
2020-10-30,2.752
2020-10-31,2.712
2020-11-01,2.613
2020-11-02,2.695
2020-11-03,2.746
2020-11-04,2.659
2020-11-05,2.557
2020-11-06,2.132
2020-11-07,2.114
2020-11-08,2.356
2020-11-09,2.167
2020-11-10,2.254
2020-11-11,2.232
2020-11-12,2.125
2020-11-13,2.021
2020-11-14,2.01
2020-11-15,2.095
2020-11-16,2.126
2020-11-17,1.938
2020-11-18,1.761
2020-11-19,1.721
2020-11-20,1.715
2020-11-21,1.597
2020-11-22,1.604
2020-11-23,1.612
2020-11-24,1.656
2020-11-25,1.552
2020-11-26,1.61
2020-11-27,1.932
2020-11-28,1.974
2020-11-29,1.821
2020-11-30,1.75
2020-12-01,1.534
2020-12-02,1.621
2020-12-03,1.591
2020-12-04,1.558
2020-12-05,1.681
2020-12-06,1.639
2020-12-07,1.627
2020-12-08,1.641
2020-12-09,1.727
2020-12-10,1.756
2020-12-11,1.811
2020-12-12,1.862
2020-12-13,1.724
2020-12-14,1.696
2020-12-15,1.68
2020-12-16,1.65
2020-12-17,1.382
2020-12-18,1.191
2020-12-19,1.203
2020-12-20,1.115
2020-12-21,1.157
2020-12-22,1.201
2020-12-23,1.164
2020-12-24,1.194
2020-12-25,1.168
2020-12-26,1.094
2020-12-27,0.957
2020-12-28,0.948
2020-12-29,0.928
2020-12-30,0.926
2020-12-31,0.825
2021-01-01,0.807
2021-01-02,0.803
2021-01-03,0.671
2021-01-04,0.634
2021-01-05,0.718
2021-01-06,0.605
2021-01-07,0.546
2021-01-08,0.458
2021-01-09,0.438
2021-01-10,0.448
2021-01-11,0.494
2021-01-12,0.63
2021-01-13,0.666
2021-01-14,0.544
2021-01-15,0.506
2021-01-16,0.574
2021-01-17,0.597
2021-01-18,0.6
2021-01-19,0.595
2021-01-20,0.594
2021-01-21,0.653
2021-01-22,0.842
2021-01-23,0.756
2021-01-24,0.799
2021-01-25,0.802
2021-01-26,0.794
2021-01-27,0.806
2021-01-28,0.906
2021-01-29,0.768
2021-01-30,0.731
2021-01-31,0.732
2021-02-01,0.81
2021-02-02,0.784
2021-02-03,0.699
2021-02-04,0.646
2021-02-05,0.653
2021-02-06,0.636
2021-02-07,0.576
2021-02-08,0.618
2021-02-09,0.466
2021-02-10,0.43
2021-02-11,0.468
2021-02-12,0.426
2021-02-13,0.426
2021-02-14,0.443
2021-02-15,0.41
2021-02-16,0.43
2021-02-17,0.419
2021-02-18,0.374
2021-02-19,0.38
2021-02-20,0.332
2021-02-21,0.338
2021-02-22,0.318
2021-02-23,0.36
2021-02-24,0.451
2021-02-25,0.449
2021-02-26,0.464
2021-02-27,0.52
2021-02-28,0.509
2021-03-01,0.545
2021-03-02,0.464
2021-03-03,0.493
2021-03-04,0.445
2021-03-05,0.49
2021-03-06,0.479
2021-03-07,0.486
2021-03-08,0.46
2021-03-09,0.449
2021-03-10,0.401
2021-03-11,0.373
2021-03-12,0.366
2021-03-13,0.377
2021-03-14,0.334
2021-03-15,0.347
2021-03-16,0.403
2021-03-17,0.402
2021-03-18,0.377
2021-03-19,0.388
2021-03-20,0.386
2021-03-21,0.385
2021-03-22,0.403
2021-03-23,0.458
2021-03-24,0.46
2021-03-25,0.502
2021-03-26,0.522
2021-03-27,0.477
2021-03-28,0.448
2021-03-29,0.471
2021-03-30,0.438
2021-03-31,0.425
2021-04-01,0.428
2021-04-02,0.433
2021-04-03,0.437
2021-04-04,0.459
2021-04-05,0.456
2021-04-06,0.453
2021-04-07,0.468
2021-04-08,0.501
2021-04-09,0.481
2021-04-10,0.474
2021-04-11,0.468
2021-04-12,0.465
2021-04-13,0.462
2021-04-14,0.419
2021-04-15,0.433
2021-04-16,0.424
2021-04-17,0.453
2021-04-18,0.476
2021-04-19,0.564
2021-04-20,0.562
2021-04-21,0.559
2021-04-22,0.605
2021-04-23,0.696
2021-04-24,0.73
2021-04-25,0.722
2021-04-26,0.842
2021-04-27,0.674
2021-04-28,0.626
2021-04-29,0.644
2021-04-30,0.689
2021-05-01,0.61
2021-05-02,0.606
2021-05-03,0.626
2021-05-04,0.626
2021-05-05,0.695
2021-05-06,0.643
2021-05-07,0.66
2021-05-08,0.64
2021-05-09,0.614
2021-05-10,0.638
2021-05-11,0.697
2021-05-12,0.687
2021-05-13,0.747
2021-05-14,0.906
2021-05-15,0.906
2021-05-16,0.961
2021-05-17,1.11
2021-05-18,1.217
2021-05-19,1.248
2021-05-20,1.545
2021-05-21,1.417
2021-05-22,1.765
2021-05-23,1.633
2021-05-24,2.072
2021-05-25,1.609
2021-05-26,1.66
2021-05-27,1.589
2021-05-28,1.598
2021-05-29,2.011
2021-05-30,2.063
2021-05-31,1.908
2021-06-01,1.83
2021-06-02,1.897
2021-06-03,1.764
2021-06-04,1.694
2021-06-05,1.85
2021-06-06,2.109
2021-06-07,1.996
2021-06-08,2.227
2021-06-09,2.303
2021-06-10,1.933
2021-06-11,1.951
2021-06-12,1.938
2021-06-13,2.053
2021-06-14,1.746
2021-06-15,1.645
2021-06-16,1.683
2021-06-17,1.799
2021-06-18,1.907
2021-06-19,2.157
2021-06-20,2.117
2021-06-21,2.174
2021-06-22,2.784
2021-06-23,2.689
2021-06-24,2.505
2021-06-25,2.32
2021-06-26,2.766
2021-06-27,2.834
2021-06-28,2.63
2021-06-29,2.361
2021-06-30,2.171
2021-07-01,2.372
2021-07-02,2.57
2021-07-03,2.581
2021-07-04,2.408
2021-07-05,2.263
2021-07-06,2.508
2021-07-07,2.587
2021-07-08,2.522
2021-07-09,2.747
2021-07-10,2.576
2021-07-11,2.661
2021-07-12,2.505
2021-07-13,2.763
2021-07-14,2.829
2021-07-15,2.783
2021-07-16,2.98
2021-07-17,3.003
2021-07-18,3.01
2021-07-19,3.012
2021-07-20,3.217
2021-07-21,3.444
2021-07-22,2.999
2021-07-23,2.949
2021-07-24,2.879
2021-07-25,2.638
2021-07-26,2.577
2021-07-27,2.221
2021-07-28,2.105
2021-07-29,1.914
2021-07-30,1.977
2021-07-31,1.776
2021-08-01,1.769
2021-08-02,1.847
2021-08-03,2.011
2021-08-04,2.116
2021-08-05,1.967
2021-08-06,1.88
2021-08-07,1.739
2021-08-08,1.624
2021-08-09,1.614
2021-08-10,1.502
2021-08-11,1.516
2021-08-12,1.48
2021-08-13,1.628
2021-08-14,1.413
2021-08-15,1.449
2021-08-16,1.46
2021-08-17,1.517
2021-08-18,1.608
2021-08-19,1.622
2021-08-20,1.497
2021-08-21,1.362
2021-08-22,1.355
2021-08-23,1.387
2021-08-24,1.344
2021-08-25,1.424
2021-08-26,1.383
2021-08-27,1.487
2021-08-28,1.382
2021-08-29,1.388
2021-08-30,1.401
2021-08-31,1.423
2021-09-01,1.504
2021-09-02,1.43
2021-09-03,1.353
2021-09-04,1.335
2021-09-05,1.334
2021-09-06,1.266
2021-09-07,1.244
2021-09-08,1.523
2021-09-09,1.582
2021-09-10,1.561
2021-09-11,1.699
2021-09-12,1.631
2021-09-13,1.647
2021-09-14,1.656
2021-09-15,1.545
2021-09-16,1.458
2021-09-17,1.5
2021-09-18,1.517
2021-09-19,1.475
2021-09-20,1.51
2021-09-21,1.792
2021-09-22,1.965
2021-09-23,1.833
2021-09-24,1.711
2021-09-25,1.844
2021-09-26,1.871
2021-09-27,1.81
2021-09-28,1.832
2021-09-29,1.95
2021-09-30,2.003
2021-10-01,1.782
2021-10-02,1.471
2021-10-03,1.472
2021-10-04,1.494
2021-10-05,1.431
2021-10-06,1.285
2021-10-07,1.125
2021-10-08,1.164
2021-10-09,1.165
2021-10-10,1.144
2021-10-11,1.141
2021-10-12,1.051
2021-10-13,1.097
2021-10-14,1.038
2021-10-15,1.034
2021-10-16,0.919
2021-10-17,0.933
2021-10-18,0.955
2021-10-19,0.913
2021-10-20,0.848
2021-10-21,0.805
2021-10-22,0.896
2021-10-23,0.962
2021-10-24,0.925
2021-10-25,0.948
2021-10-26,0.885
2021-10-27,0.952
2021-10-28,1.017
2021-10-29,0.951
2021-10-30,0.907
2021-10-31,0.933
2021-11-01,0.941
2021-11-02,0.951
2021-11-03,0.899
2021-11-04,0.902
2021-11-05,0.949
2021-11-06,0.952
2021-11-07,0.946
2021-11-08,0.902
2021-11-09,0.811
2021-11-10,0.788
2021-11-11,0.85
2021-11-12,0.848
2021-11-13,0.885
2021-11-14,0.875
2021-11-15,0.871
2021-11-16,0.891
2021-11-17,0.988
2021-11-18,1.012
2021-11-19,1.134
2021-11-20,1.093
2021-11-21,1.028
2021-11-22,1.049
2021-11-23,1.144
2021-11-24,1.119
2021-11-25,1.14
2021-11-26,1.071
2021-11-27,1.266
2021-11-28,1.229
2021-11-29,1.177
2021-11-30,1.104
2021-12-01,1.137
2021-12-02,1.148
2021-12-03,1.159
2021-12-04,1.314
2021-12-05,1.567
2021-12-06,1.565
2021-12-07,1.455
2021-12-08,1.495
2021-12-09,1.484
2021-12-10,1.661
2021-12-11,1.672
2021-12-12,1.592
2021-12-13,1.526
2021-12-14,1.747
2021-12-15,1.652
2021-12-16,1.625
2021-12-17,1.687
2021-12-18,1.804
2021-12-19,1.778
2021-12-20,1.746
2021-12-21,1.773
2021-12-22,1.618
2021-12-23,1.635
2021-12-24,1.521
2021-12-25,1.536
2021-12-26,1.547
2021-12-27,1.53
2021-12-28,1.54
2021-12-29,1.761
2021-12-30,1.798
2021-12-31,1.825
2022-01-01,1.874
2022-01-02,1.795
2022-01-03,1.808
2022-01-04,1.901
2022-01-05,1.913
2022-01-06,2.183
2022-01-07,2.19
2022-01-08,2.364
2022-01-09,2.335
2022-01-10,2.316
2022-01-11,2.385
2022-01-12,2.261
2022-01-13,2.157
2022-01-14,2.294
2022-01-15,2.211
2022-01-16,2.234
2022-01-17,2.251
2022-01-18,2.336
2022-01-19,2.337
2022-01-20,2.398
2022-01-21,2.499
2022-01-22,3.36
2022-01-23,3.487
2022-01-24,3.37
2022-01-25,3.232
2022-01-26,3.166
2022-01-27,3.104
2022-01-28,3.139
2022-01-29,3.001
2022-01-30,2.952
2022-01-31,3.006
2022-02-01,2.914
2022-02-02,2.891
2022-02-03,3.137
2022-02-04,3.19
2022-02-05,2.627
2022-02-06,2.516
2022-02-07,2.517
2022-02-08,2.246
2022-02-09,2.261
2022-02-10,2.216
2022-02-11,2.295
2022-02-12,2.502
2022-02-13,2.495
2022-02-14,2.479
2022-02-15,2.446
2022-02-16,2.28
2022-02-17,2.299
2022-02-18,2.698
2022-02-19,2.799
2022-02-20,2.793
2022-02-21,2.991
2022-02-22,3.171
2022-02-23,3.133
2022-02-24,3.169
2022-02-25,3.142
2022-02-26,2.912
2022-02-27,2.927
2022-02-28,3.156
2022-03-01,2.383
2022-03-02,2.317
2022-03-03,2.322
2022-03-04,2.501
2022-03-05,2.985
2022-03-06,2.904
2022-03-07,2.974
2022-03-08,3.117
2022-03-09,3.047
2022-03-10,2.585
2022-03-11,2.916
2022-03-12,2.986
2022-03-13,2.961
2022-03-14,3.156
2022-03-15,2.903
2022-03-16,2.919
2022-03-17,2.716
2022-03-18,2.704
2022-03-19,2.608
2022-03-20,2.586
2022-03-21,2.664
2022-03-22,2.687
2022-03-23,2.52
2022-03-24,2.524
2022-03-25,2.365
2022-03-26,2.32
2022-03-27,2.319
2022-03-28,2.111
2022-03-29,2.026
2022-03-30,2.049
2022-03-31,2.08
2022-04-01,2.186
2022-04-02,2.145
2022-04-03,2.152
2022-04-04,2.113
2022-04-05,2.137
2022-04-06,2.187
2022-04-07,2.395
2022-04-08,2.443
2022-04-09,2.551
2022-04-10,2.557
2022-04-11,2.506
2022-04-12,2.972
2022-04-13,2.945
2022-04-14,2.735
2022-04-15,2.917
2022-04-16,2.848
2022-04-17,2.844
2022-04-18,2.886
2022-04-19,2.807
2022-04-20,2.741
2022-04-21,2.717
2022-04-22,2.822
2022-04-23,2.986
2022-04-24,2.94
2022-04-25,2.986
2022-04-26,2.892
2022-04-27,3.179
2022-04-28,3.044
2022-04-29,2.948
2022-04-30,3.15
2022-05-01,3.166
2022-05-02,3.171
2022-05-03,3.122
2022-05-04,3.258
2022-05-05,2.941
2022-05-06,3.482
2022-05-07,3.588
2022-05-08,3.712
2022-05-09,3.894
2022-05-10,4.727
2022-05-11,4.986
2022-05-12,5.546
2022-05-13,5.704
2022-05-14,5.058
2022-05-15,5.149
2022-05-16,4.717
2022-05-17,5.017
2022-05-18,4.867
2022-05-19,5.318
2022-05-20,4.928
2022-05-21,5.273
2022-05-22,5.195
2022-05-23,4.956
2022-05-24,5.168
2022-05-25,5.099
2022-05-26,4.999
2022-05-27,5.082
2022-05-28,5.332
2022-05-29,5.224
2022-05-30,5.14
2022-05-31,4.376
2022-06-01,4.342
2022-06-02,4.955
2022-06-03,4.723
2022-06-04,4.881
2022-06-05,4.873
2022-06-06,4.826
2022-06-07,4.335
2022-06-08,4.354
2022-06-09,4.662
2022-06-10,4.709
2022-06-11,4.989
2022-06-12,5.221
2022-06-13,5.658
2022-06-14,7.988
2022-06-15,9.209
2022-06-16,8.521
2022-06-17,9.715
2022-06-18,9.889
2022-06-19,12.125
2022-06-20,9.988
2022-06-21,9.901
2022-06-22,9.447
2022-06-23,10.256
2022-06-24,9.527
2022-06-25,8.967
2022-06-26,8.81
2022-06-27,8.863
2022-06-28,9.309
2022-06-29,9.68
2022-06-30,9.72
2022-07-01,11.182
2022-07-02,10.542
2022-07-03,10.616
2022-07-04,10.632
2022-07-05,9.918
2022-07-06,9.53
2022-07-07,9.47
2022-07-08,8.365
2022-07-09,8.204
2022-07-10,8.245
2022-07-11,8.736
2022-07-12,9.367
2022-07-13,10.216
2022-07-14,9.711
2022-07-15,9.09
2022-07-16,8.69
2022-07-17,8.445
2022-07-18,8.588
2022-07-19,8.027
2022-07-20,6.734
2022-07-21,6.747
2022-07-22,6.964
2022-07-23,7.232
2022-07-24,7.518
2022-07-25,7.175
2022-07-26,7.644
2022-07-27,8.448
2022-07-28,7.197
2022-07-29,6.436
2022-07-30,6.511
2022-07-31,6.427
2022-08-01,6.598
2022-08-02,6.924
2022-08-03,6.887
2022-08-04,6.719
2022-08-05,7.171
2022-08-06,6.798
2022-08-07,6.756
2022-08-08,6.667
2022-08-09,6.357
2022-08-10,6.711
2022-08-11,6.29
2022-08-12,6.196
2022-08-13,6.189
2022-08-14,5.999
2022-08-15,6.069
2022-08-16,6.245
2022-08-17,6.26
2022-08-18,6.58
2022-08-19,6.548
2022-08-20,8.113
2022-08-21,8.048
2022-08-22,7.676
2022-08-23,8.008
2022-08-24,7.697
2022-08-25,7.549
2022-08-26,7.608
2022-08-27,8.271
2022-08-28,8.885
2022-08-29,8.787
2022-08-30,8.58
2022-08-31,8.807
2022-09-01,8.536
2022-09-02,8.624
2022-09-03,8.692
2022-09-04,8.86
2022-09-05,8.697
2022-09-06,8.823
2022-09-07,9.517
2022-09-08,9.134
2022-09-09,9.126
2022-09-10,7.505
2022-09-11,7.277
2022-09-12,7.281
2022-09-13,6.784
2022-09-14,8.399
2022-09-15,8.29
2022-09-16,8.54
2022-09-17,8.605
2022-09-18,8.389
2022-09-19,8.766
2022-09-20,8.726
2022-09-21,9.241
2022-09-22,9.728
2022-09-23,9
2022-09-24,9.206
2022-09-25,9.162
2022-09-26,9.306
2022-09-27,8.958
2022-09-28,9.032
2022-09-29,8.45
2022-09-30,8.584
2022-10-01,8.629
2022-10-02,8.694
2022-10-03,8.761
2022-10-04,8.431
2022-10-05,7.78
2022-10-06,7.961
2022-10-07,8.048
2022-10-08,8.318
2022-10-09,8.521
2022-10-10,8.375
2022-10-11,8.539
2022-10-12,8.729
2022-10-13,8.547
2022-10-14,8.358
2022-10-15,8.53
2022-10-16,8.564
2022-10-17,8.362
2022-10-18,8.118
2022-10-19,8.271
2022-10-20,8.35
2022-10-21,8.423
2022-10-22,8.333
2022-10-23,8.249
2022-10-24,8.003
2022-10-25,8.072
2022-10-26,7.42
2022-10-27,6.99
2022-10-28,7.249
2022-10-29,7.053
2022-10-30,6.862
2022-10-31,7.063
2022-11-01,7.097
2022-11-02,7.094
2022-11-03,7.357
2022-11-04,7.252
2022-11-05,6.591
2022-11-06,6.462
2022-11-07,6.564
2022-11-08,6.923
2022-11-09,8.526
2022-11-10,11.459
2022-11-11,9.055
2022-11-12,10.092
2022-11-13,10.188
2022-11-14,10.647
2022-11-15,10.622
2022-11-16,10.004
2022-11-17,10.387
2022-11-18,10.172
2022-11-19,10.22
2022-11-20,10.073
2022-11-21,10.589
2022-11-22,11.307
2022-11-23,10.698
2022-11-24,10.254
2022-11-25,10.102
2022-11-26,10.126
2022-11-27,10.276
2022-11-28,10.042
2022-11-29,10.489
2022-11-30,10.142
2022-12-01,9.368
2022-12-02,9.47
2022-12-03,9.43
2022-12-04,9.596
2022-12-05,9.329
2022-12-06,9.488
2022-12-07,9.448
2022-12-08,9.565
2022-12-09,9.168
2022-12-10,9.238
2022-12-11,9.214
2022-12-12,9.222
2022-12-13,9.171
2022-12-14,8.516
2022-12-15,8.472
2022-12-16,8.936
2022-12-17,9.597
2022-12-18,9.549
2022-12-19,9.467
2022-12-20,9.912
2022-12-21,9.34
2022-12-22,9.443
2022-12-23,9.401
2022-12-24,9.383
2022-12-25,9.31
2022-12-26,9.333
2022-12-27,9.284
2022-12-28,9.423
2022-12-29,9.621
2022-12-30,9.476
2022-12-31,9.511
2023-01-01,9.577
2023-01-02,9.492
2023-01-03,9.358
2023-01-04,9.407
2023-01-05,9.23
2023-01-06,9.222
2023-01-07,9.075
2023-01-08,9.11
2023-01-09,9.078
2023-01-10,8.842
2023-01-11,8.858
2023-01-12,8.6
2023-01-13,8.089
2023-01-14,7.364
2023-01-15,6.565
2023-01-16,5.989
2023-01-17,6.002
2023-01-18,5.887
2023-01-19,5.888
2023-01-20,6.14
2023-01-21,5.948
2023-01-22,5.16
2023-01-23,5.079
2023-01-24,5.144
2023-01-25,5.037
2023-01-26,5.189
2023-01-27,4.992
2023-01-28,5.037
2023-01-29,5.025
2023-01-30,5.059
2023-01-31,4.759
2023-02-01,5.16
2023-02-02,5.069
2023-02-03,4.781
2023-02-04,4.87
2023-02-05,4.953
2023-02-06,4.98
2023-02-07,5.142
2023-02-08,5.213
2023-02-09,5.028
2023-02-10,5.168
2023-02-11,5.725
2023-02-12,5.831
2023-02-13,5.72
2023-02-14,5.753
2023-02-15,5.762
2023-02-16,5.555
2023-02-17,4.635
2023-02-18,4.936
2023-02-19,4.533
2023-02-20,4.537
2023-02-21,4.677
2023-02-22,4.494
2023-02-23,4.639
2023-02-24,4.751
2023-02-25,4.833
2023-02-26,5.149
2023-02-27,5.19
2023-02-28,5.029
2023-03-01,5.039
2023-03-02,5.179
2023-03-03,5.001
2023-03-04,5.072
2023-03-05,5.597
2023-03-06,5.593
2023-03-07,5.566
2023-03-08,5.581
2023-03-09,5.688
2023-03-10,5.959
2023-03-11,6.78
2023-03-12,6.924
2023-03-13,6.702
2023-03-14,5.735
2023-03-15,4.825
2023-03-16,4.637
2023-03-17,4.758
2023-03-18,4.537
2023-03-19,3.759
2023-03-20,3.876
2023-03-21,3.597
2023-03-22,3.669
2023-03-23,3.609
2023-03-24,3.843
2023-03-25,3.579
2023-03-26,3.803
2023-03-27,3.811
2023-03-28,3.728
2023-03-29,3.987
2023-03-30,3.947
2023-03-31,3.652
2023-04-01,3.758
2023-04-02,3.641
2023-04-03,3.646
2023-04-04,3.746
2023-04-05,3.856
2023-04-06,3.769
2023-04-07,3.802
2023-04-08,3.826
2023-04-09,3.871
2023-04-10,3.876
2023-04-11,3.781
2023-04-12,3.462
2023-04-13,3.34
2023-04-14,3.414
2023-04-15,3.327
2023-04-16,3.329
2023-04-17,3.374
2023-04-18,3.386
2023-04-19,3.598
2023-04-20,3.388
2023-04-21,3.774
2023-04-22,3.945
2023-04-23,4.248
2023-04-24,4.093
2023-04-25,4.175
2023-04-26,4.212
2023-04-27,3.973
2023-04-28,3.705
2023-04-29,3.758
2023-04-30,3.791
2023-05-01,3.802
2023-05-02,4.137
2023-05-03,3.978
2023-05-04,3.894
2023-05-05,3.956
2023-05-06,3.791
2023-05-07,3.979
2023-05-08,4.11
2023-05-09,4.352
2023-05-10,4.377
2023-05-11,4.399
2023-05-12,4.62
2023-05-13,4.693
2023-05-14,4.714
2023-05-15,4.674
2023-05-16,4.6
2023-05-17,4.657
2023-05-18,4.545
2023-05-19,4.753
2023-05-20,4.744
2023-05-21,4.679
2023-05-22,4.817
2023-05-23,4.793
2023-05-24,4.673
2023-05-25,5.006
2023-05-26,4.963
2023-05-27,4.889
2023-05-28,4.849
2023-05-29,4.457
2023-05-30,4.579
2023-05-31,4.609
2023-06-01,4.791
2023-06-02,4.952
2023-06-03,4.815
2023-06-04,4.893
2023-06-05,4.894
2023-06-06,5.454
2023-06-07,4.886
2023-06-08,5.24
2023-06-09,5.194
2023-06-10,5.222
2023-06-11,5.502
2023-06-12,5.485
2023-06-13,5.512
2023-06-14,5.518
2023-06-15,5.896
2023-06-16,5.702
2023-06-17,5.402
2023-06-18,5.35
2023-06-19,5.439
2023-06-20,5.256
2023-06-21,4.744
2023-06-22,4.241
2023-06-23,4.289
2023-06-24,4.084
2023-06-25,4.144
2023-06-26,4.178
2023-06-27,4.25
2023-06-28,4.149
2023-06-29,4.338
2023-06-30,4.249
2023-07-01,4.259
2023-07-02,4.244
2023-07-03,4.253
2023-07-04,4.122
2023-07-05,4.245
2023-07-06,4.336
2023-07-07,4.533
2023-07-08,4.418
2023-07-09,4.453
2023-07-10,4.507
2023-07-11,4.452
2023-07-12,4.409
2023-07-13,4.498
2023-07-14,4.214
2023-07-15,4.556
2023-07-16,4.581
2023-07-17,4.617
2023-07-18,4.665
2023-07-19,4.771
2023-07-20,4.776
2023-07-21,4.828
2023-07-22,4.816
2023-07-23,4.873
2023-07-24,4.797
2023-07-25,5.118
2023-07-26,5.12
2023-07-27,5.098
2023-07-28,5.161
2023-07-29,5.148
2023-07-30,5.154
2023-07-31,5.198
2023-08-01,5.232
2023-08-02,5.082
2023-08-03,5.281
2023-08-04,5.292
2023-08-05,5.335
2023-08-06,5.365
2023-08-07,5.374
2023-08-08,5.343
2023-08-09,5.157
2023-08-10,5.235
2023-08-11,5.293
2023-08-12,5.316
2023-08-13,5.328
2023-08-14,5.386
2023-08-15,5.352
2023-08-16,5.449
2023-08-17,5.641
2023-08-18,6.581
2023-08-19,6.884
2023-08-20,6.871
2023-08-21,6.835
2023-08-22,6.879
2023-08-23,6.929
2023-08-24,6.743
2023-08-25,6.887
2023-08-26,6.962
2023-08-27,6.995
2023-08-28,6.963
2023-08-29,6.968
2023-08-30,6.202
2023-08-31,6.407
2023-09-01,7.111
2023-09-02,7.198
2023-09-03,7.177
2023-09-04,7.13
2023-09-05,7.223
2023-09-06,7.251
2023-09-07,7.278
2023-09-08,7.016
2023-09-09,7.213
2023-09-10,7.228
2023-09-11,7.272
2023-09-12,7.68
2023-09-13,7.295
2023-09-14,7.097
2023-09-15,6.947
2023-09-16,6.918
2023-09-17,6.952
2023-09-18,6.982
2023-09-19,6.871
2023-09-20,6.662
2023-09-21,6.718
2023-09-22,7.016
2023-09-23,7.022
2023-09-24,7.038
2023-09-25,7.23
2023-09-26,7.216
2023-09-27,7.279
2023-09-28,7.213
2023-09-29,6.885
2023-09-30,6.954
2023-10-01,6.937
2023-10-02,6.448
2023-10-03,6.692
2023-10-04,6.735
2023-10-05,6.572
2023-10-06,6.757
2023-10-07,6.515
2023-10-08,6.51
2023-10-09,6.536
2023-10-10,6.699
2023-10-11,6.804
2023-10-12,7.074
2023-10-13,7.142
2023-10-14,7.094
2023-10-15,7.107
2023-10-16,6.956
2023-10-17,6.321
2023-10-18,6.375
2023-10-19,6.416
2023-10-20,6.248
2023-10-21,5.861
2023-10-22,5.775
2023-10-23,5.751
2023-10-24,4.736
2023-10-25,4.513
2023-10-26,4.374
2023-10-27,4.472
2023-10-28,4.548
2023-10-29,4.506
2023-10-30,4.399
2023-10-31,4.418
2023-11-01,4.385
2023-11-02,4.201
2023-11-03,4.325
2023-11-04,4.39
2023-11-05,4.311
2023-11-06,4.332
2023-11-07,4.333
2023-11-08,4.257
2023-11-09,4.213
2023-11-10,3.979
2023-11-11,3.863
2023-11-12,3.908
2023-11-13,3.931
2023-11-14,4.07
2023-11-15,4.292
2023-11-16,3.793
2023-11-17,4.166
2023-11-18,4.074
2023-11-19,4.092
2023-11-20,3.93
2023-11-21,3.921
2023-11-22,4.312
2023-11-23,3.947
2023-11-24,3.981
2023-11-25,3.903
2023-11-26,3.899
2023-11-27,3.98
2023-11-28,4.034
2023-11-29,3.924
2023-11-30,3.927
2023-12-01,3.965
2023-12-02,3.781
2023-12-03,3.647
2023-12-04,3.563
2023-12-05,3.24
2023-12-06,2.951
2023-12-07,3.003
2023-12-08,3.082
2023-12-09,2.968
2023-12-10,3.041
2023-12-11,3.042
2023-12-12,3.439
2023-12-13,3.411
2023-12-14,3.206
2023-12-15,3.193
2023-12-16,3.371
2023-12-17,3.328
2023-12-18,3.485
2023-12-19,3.29
2023-12-20,3.361
2023-12-21,3.161
2023-12-22,3.144
2023-12-23,3.14
2023-12-24,3.189
2023-12-25,3.307
2023-12-26,3.231
2023-12-27,3.407
2023-12-28,3.276
2023-12-29,3.423
2023-12-30,3.516
2023-12-31,3.516
2024-01-01,3.505
2024-01-02,3.223
2024-01-03,3.125
2024-01-04,3.452
2024-01-05,3.263
2024-01-06,3.275
2024-01-07,3.312
2024-01-08,3.329
2024-01-09,2.923
2024-01-10,3.04
2024-01-11,2.98
2024-01-12,3.029
2024-01-13,3.564
2024-01-14,3.563
2024-01-15,3.766
2024-01-16,3.638
2024-01-17,3.544
2024-01-18,3.614
2024-01-19,3.882
2024-01-20,3.83
2024-01-21,3.833
2024-01-22,3.864
2024-01-23,4.278
2024-01-24,4.218
2024-01-25,4.189
2024-01-26,4.225
2024-01-27,3.868
2024-01-28,3.823
2024-01-29,3.85
2024-01-30,3.637
2024-01-31,3.708
2024-02-01,3.782
2024-02-02,3.705
2024-02-03,3.696
2024-02-04,3.739
2024-02-05,3.825
2024-02-06,3.813
2024-02-07,3.756
2024-02-08,3.558
2024-02-09,3.422
2024-02-10,3.171
2024-02-11,3.1
2024-02-12,3.041
2024-02-13,2.857
2024-02-14,2.893
2024-02-15,2.674
2024-02-16,2.676
2024-02-17,2.662
2024-02-18,2.721
2024-02-19,2.681
2024-02-20,2.729
2024-02-21,2.689
2024-02-22,2.743
2024-02-23,2.814
2024-02-24,2.886
2024-02-25,2.805
2024-02-26,2.799
2024-02-27,2.534
2024-02-28,2.322
2024-02-29,1.947
2024-03-01,2.04
2024-03-02,1.969
2024-03-03,2.003
2024-03-04,1.943
2024-03-05,1.671
2024-03-06,1.927
2024-03-07,1.803
2024-03-08,1.773
2024-03-09,1.716
2024-03-10,1.716
2024-03-11,1.694
2024-03-12,1.56
2024-03-13,1.597
2024-03-14,1.537
2024-03-15,1.62
2024-03-16,1.719
2024-03-17,1.958
2024-03-18,1.795
2024-03-19,1.847
2024-03-20,2.213
2024-03-21,1.856
2024-03-22,2.002
2024-03-23,2.122
2024-03-24,2.121
2024-03-25,1.934
2024-03-26,1.8
2024-03-27,1.805
2024-03-28,1.843
2024-03-29,1.786
2024-03-30,1.845
2024-03-31,1.871
2024-04-01,1.793
2024-04-02,1.89
2024-04-03,2.151
2024-04-04,2.131
2024-04-05,1.988
2024-04-06,2.039
2024-04-07,1.987
2024-04-08,1.972
2024-04-09,1.86
2024-04-10,2.008
2024-04-11,1.936
2024-04-12,1.982
2024-04-13,2.169
2024-04-14,2.404
2024-04-15,2.291
2024-04-16,2.469
2024-04-17,2.453
2024-04-18,2.673
2024-04-19,2.504
2024-04-20,2.49
2024-04-21,2.418
2024-04-22,2.43
2024-04-23,2.308
2024-04-24,2.349
2024-04-25,2.52
2024-04-26,2.517
2024-04-27,2.588
2024-04-28,2.627
2024-04-29,2.67
2024-04-30,2.622
2024-05-01,2.92
2024-05-02,3.173
2024-05-03,3.112
2024-05-04,2.76
2024-05-05,2.686
2024-05-06,2.69
2024-05-07,2.776
2024-05-08,2.866
2024-05-09,2.986
2024-05-10,2.824
2024-05-11,3.052
2024-05-12,3.061
2024-05-13,3.009
2024-05-14,2.882
2024-05-15,3.023
2024-05-16,2.626
2024-05-17,2.717
2024-05-18,2.586
2024-05-19,2.605
2024-05-20,2.667
2024-05-21,2.306
2024-05-22,2.402
2024-05-23,2.482
2024-05-24,2.581
2024-05-25,2.548
2024-05-26,2.506
2024-05-27,2.574
2024-05-28,2.517
2024-05-29,2.604
2024-05-30,2.673
2024-05-31,2.629
2024-06-01,2.703
2024-06-02,2.697
2024-06-03,2.708
2024-06-04,2.638
2024-06-05,2.521
2024-06-06,2.491
2024-06-07,2.524
2024-06-08,2.641
2024-06-09,2.656
2024-06-10,2.641
2024-06-11,2.66
2024-06-12,2.85
2024-06-13,2.782
2024-06-14,2.919
2024-06-15,2.996
2024-06-16,2.991
2024-06-17,2.962
2024-06-18,2.99
2024-06-19,3.123
2024-06-20,3.154
2024-06-21,3.174
2024-06-22,3.257
2024-06-23,3.255
2024-06-24,3.374
2024-06-25,3.718
2024-06-26,3.548
2024-06-27,3.669
2024-06-28,3.58
2024-06-29,3.743
2024-06-30,3.686
2024-07-01,3.489
2024-07-02,3.485
2024-07-03,3.582
2024-07-04,3.826
2024-07-05,4.272
2024-07-06,4.347
2024-07-07,4.121
2024-07-08,4.489
2024-07-09,4.365
2024-07-10,4.177
2024-07-11,4.234
2024-07-12,4.302
2024-07-13,4.23
2024-07-14,4.056
2024-07-15,3.857
2024-07-16,3.413
2024-07-17,3.391
2024-07-18,3.504
2024-07-19,3.526
2024-07-20,3.259
2024-07-21,3.222
2024-07-22,3.136
2024-07-23,3.206
2024-07-24,3.373
2024-07-25,3.441
2024-07-26,3.407
2024-07-27,3.208
2024-07-28,3.219
2024-07-29,3.196
2024-07-30,3.346
2024-07-31,3.418
2024-08-01,3.595
2024-08-02,3.528
2024-08-03,3.996
2024-08-04,4.112
2024-08-05,4.491
2024-08-06,5.221
2024-08-07,4.864
2024-08-08,5.033
2024-08-09,4.034
2024-08-10,4.16
2024-08-11,4.162
2024-08-12,4.493
2024-08-13,4.412
2024-08-14,4.245
2024-08-15,4.537
2024-08-16,4.732
2024-08-17,4.531
2024-08-18,4.449
2024-08-19,4.624
2024-08-20,4.481
2024-08-21,4.558
2024-08-22,4.256
2024-08-23,4.377
2024-08-24,3.903
2024-08-25,3.901
2024-08-26,3.904
2024-08-27,4.09
2024-08-28,4.585
2024-08-29,4.652
2024-08-30,4.612
2024-08-31,4.656
2024-09-01,4.689
2024-09-02,4.975
2024-09-03,4.678
2024-09-04,4.958
2024-09-05,4.884
2024-09-06,5.207
2024-09-07,5.651
2024-09-08,5.616
2024-09-09,5.478
2024-09-10,5.079
2024-09-11,4.981
2024-09-12,5.042
2024-09-13,4.913
2024-09-14,4.543
2024-09-15,4.626
2024-09-16,4.765
2024-09-17,4.92
2024-09-18,4.588
2024-09-19,4.379
2024-09-20,4.219
2024-09-21,4.189
2024-09-22,4.173
2024-09-23,4.147
2024-09-24,4.182
2024-09-25,4.064
2024-09-26,4.211
2024-09-27,3.958
2024-09-28,3.888
2024-09-29,3.881
2024-09-30,3.912
2024-10-01,4.201
2024-10-02,4.556
2024-10-03,4.584
2024-10-04,4.57
2024-10-05,4.378
2024-10-06,4.387
2024-10-07,4.283
2024-10-08,4.37
2024-10-09,4.383
2024-10-10,4.609
2024-10-11,4.659
2024-10-12,4.337
2024-10-13,4.248
2024-10-14,4.296
2024-10-15,3.89
2024-10-16,3.78
2024-10-17,3.723
2024-10-18,3.747
2024-10-19,3.641
2024-10-20,3.651
2024-10-21,3.586
2024-10-22,3.768
2024-10-23,3.766
2024-10-24,3.856
2024-10-25,3.688
2024-10-26,3.858
2024-10-27,3.816
2024-10-28,3.716
2024-10-29,3.516
2024-10-30,3.257
2024-10-31,3.298
2024-11-01,3.498
2024-11-02,3.584
2024-11-03,3.602
2024-11-04,3.671
2024-11-05,3.777
2024-11-06,3.618
2024-11-07,3.054
2024-11-08,3.037
2024-11-09,2.991
2024-11-10,2.982
2024-11-11,2.721
2024-11-12,2.242
2024-11-13,2.284
2024-11-14,2.169
2024-11-15,2.329
2024-11-16,2.149
2024-11-17,2.177
2024-11-18,2.219
2024-11-19,2.197
2024-11-20,2.116
2024-11-21,2.034
2024-11-22,1.876
2024-11-23,1.861
2024-11-24,1.914
2024-11-25,1.911
2024-11-26,2.124
2024-11-27,2.179
2024-11-28,2.012
2024-11-29,2.028
2024-11-30,1.959
2024-12-01,2.008
2024-12-02,1.982
2024-12-03,2.045
2024-12-04,2.05
2024-12-05,1.943
2024-12-06,2.016
2024-12-07,1.909
2024-12-08,1.911
2024-12-09,1.868
2024-12-10,2.024
2024-12-11,2.059
2024-12-12,1.884
2024-12-13,1.932
2024-12-14,1.884
2024-12-15,1.889
2024-12-16,1.786
2024-12-17,1.738
2024-12-18,1.742
2024-12-19,1.96
2024-12-20,2.077
2024-12-21,2.068
2024-12-22,2.096
2024-12-23,2.195
2024-12-24,2.214
2024-12-25,2.054
2024-12-26,2.027
2024-12-27,2.191
2024-12-28,2.266
2024-12-29,2.225
2024-12-30,2.306
2024-12-31,2.359
2025-01-01,2.326
2025-01-02,2.283
2025-01-03,2.178
2025-01-04,2.131
2025-01-05,2.136
2025-01-06,2.136
2025-01-07,1.984
2025-01-08,2.213
2025-01-09,2.309
2025-01-10,2.443
2025-01-11,2.34
2025-01-12,2.353
2025-01-13,2.363
2025-01-14,2.371
2025-01-15,2.28
2025-01-16,2.113
2025-01-17,2.141
2025-01-18,1.983
2025-01-19,1.972
2025-01-20,2.107
2025-01-21,2.077
2025-01-22,1.936
2025-01-23,2.036
2025-01-24,2.036
2025-01-25,2.008
2025-01-26,2.02
2025-01-27,2.113
2025-01-28,2.144
2025-01-29,2.183
2025-01-30,2.091
2025-01-31,2.06
2025-02-01,2.16
2025-02-02,2.245
2025-02-03,2.39
2025-02-04,2.228
2025-02-05,2.401
2025-02-06,2.466
2025-02-07,2.476
2025-02-08,2.485
2025-02-09,2.495
2025-02-10,2.501
2025-02-11,2.459
2025-02-12,2.552
2025-02-13,2.451
2025-02-14,2.522
2025-02-15,2.483
2025-02-16,2.487
2025-02-17,2.571
2025-02-18,2.596
2025-02-19,2.611
2025-02-20,2.567
2025-02-21,2.49
2025-02-22,2.613
2025-02-23,2.601
2025-02-24,2.626
2025-02-25,2.913
2025-02-26,3.112
2025-02-27,3.459
2025-02-28,3.43
2025-03-01,3.469
2025-03-02,3.341
2025-03-03,2.794
2025-03-04,3.35
2025-03-05,3.279
2025-03-06,3.052
2025-03-07,3.108
2025-03-08,3.346
2025-03-09,3.4
2025-03-10,3.888
2025-03-11,4.112
2025-03-12,3.701
2025-03-13,3.644
2025-03-14,3.887
2025-03-15,3.634
2025-03-16,3.614
2025-03-17,3.78
2025-03-18,3.661
2025-03-19,3.787
2025-03-20,3.446
2025-03-21,3.674
2025-03-22,3.696
2025-03-23,3.728
2025-03-24,3.548
2025-03-25,3.445
2025-03-26,3.463
2025-03-27,3.515
2025-03-28,3.501
2025-03-29,3.749
2025-03-30,3.922
2025-03-31,3.958
2025-04-01,3.953
