Date,Altcoin Index
2017-04-03,96
2017-04-04,100
2017-04-05,96
2017-04-06,96
2017-04-07,85
2017-04-08,89
2017-04-09,93
2017-04-10,93
2017-04-11,93
2017-04-12,89
2017-04-13,85
2017-04-14,100
2017-04-15,100
2017-04-16,100
2017-04-17,100
2017-04-18,100
2017-04-19,100
2017-04-20,100
2017-04-21,100
2017-04-22,100
2017-04-23,100
2017-04-24,100
2017-04-25,100
2017-04-26,100
2017-04-27,96
2017-04-28,100
2017-04-29,100
2017-04-30,100
2017-05-01,100
2017-05-02,100
2017-05-03,100
2017-05-04,100
2017-05-05,100
2017-05-06,100
2017-05-07,100
2017-05-08,100
2017-05-09,100
2017-05-10,96
2017-05-11,100
2017-05-12,100
2017-05-13,100
2017-05-14,100
2017-05-15,100
2017-05-16,97
2017-05-17,97
2017-05-18,97
2017-05-19,97
2017-05-20,97
2017-05-21,97
2017-05-22,100
2017-05-23,100
2017-05-24,100
2017-05-25,100
2017-05-26,100
2017-05-27,100
2017-05-28,100
2017-05-29,100
2017-05-30,100
2017-05-31,100
2017-06-01,100
2017-06-02,100
2017-06-03,100
2017-06-04,100
2017-06-05,100
2017-06-06,100
2017-06-07,100
2017-06-08,100
2017-06-09,100
2017-06-10,97
2017-06-11,97
2017-06-12,100
2017-06-13,93
2017-06-14,93
2017-06-15,90
2017-06-16,93
2017-06-17,93
2017-06-18,93
2017-06-19,93
2017-06-20,97
2017-06-21,94
2017-06-22,94
2017-06-23,94
2017-06-24,94
2017-06-25,93
2017-06-26,94
2017-06-27,94
2017-06-28,90
2017-06-29,90
2017-06-30,90
2017-07-01,94
2017-07-02,94
2017-07-03,97
2017-07-04,97
2017-07-05,97
2017-07-06,97
2017-07-07,97
2017-07-08,97
2017-07-09,97
2017-07-10,90
2017-07-11,84
2017-07-12,84
2017-07-13,100
2017-07-14,100
2017-07-15,100
2017-07-16,100
2017-07-17,77
2017-07-18,84
2017-07-19,77
2017-07-20,81
2017-07-21,77
2017-07-22,81
2017-07-23,81
2017-07-24,80
2017-07-25,84
2017-07-26,84
2017-07-27,81
2017-07-28,81
2017-07-29,71
2017-07-30,74
2017-07-31,74
2017-08-01,77
2017-08-02,81
2017-08-03,79
2017-08-04,74
2017-08-05,61
2017-08-06,58
2017-08-07,61
2017-08-08,63
2017-08-09,60
2017-08-10,63
2017-08-11,65
2017-08-12,58
2017-08-13,58
2017-08-14,39
2017-08-15,32
2017-08-16,39
2017-08-18,29
2017-08-20,23
2017-08-21,29
2017-08-22,22
2017-08-23,22
2017-08-24,41
2017-08-25,39
2017-08-26,45
2017-08-27,45
2017-08-28,40
2017-08-29,37
2017-08-30,30
2017-08-31,30
2017-09-01,36
2017-09-02,27
2017-09-03,26
2017-09-04,22
2017-09-05,22
2017-09-06,23
2017-09-07,27
2017-09-08,21
2017-09-09,24
2017-09-10,26
2017-09-11,26
2017-09-12,26
2017-09-13,26
2017-09-14,29
2017-09-15,24
2017-09-16,18
2017-09-17,23
2017-09-18,21
2017-09-19,23
2017-09-20,23
2017-09-21,23
2017-09-22,23
2017-09-23,23
2017-09-24,23
2017-09-25,23
2017-09-26,23
2017-09-27,22
2017-09-28,22
2017-09-29,21
2017-09-30,21
2017-10-01,21
2017-10-02,21
2017-10-03,18
2017-10-04,18
2017-10-05,16
2017-10-06,21
2017-10-07,16
2017-10-08,16
2017-10-09,21
2017-10-10,23
2017-10-11,18
2017-10-12,26
2017-10-13,15
2017-10-14,18
2017-10-15,18
2017-10-16,18
2017-10-17,18
2017-10-18,18
2017-10-19,15
2017-10-20,15
2017-10-21,13
2017-10-22,13
2017-10-23,10
2017-10-24,10
2017-10-25,13
2017-10-26,13
2017-10-27,13
2017-10-28,15
2017-10-29,18
2017-10-30,15
2017-10-31,13
2017-11-01,13
2017-11-02,10
2017-11-03,5
2017-11-04,8
2017-11-05,8
2017-11-06,8
2017-11-07,8
2017-11-08,10
2017-11-09,15
2017-11-10,15
2017-11-11,15
2017-11-12,24
2017-11-13,26
2017-11-14,26
2017-11-16,26
2017-11-18,17
2017-11-19,15
2017-11-21,13
2017-11-22,8
2017-11-23,15
2017-11-24,13
2017-11-25,5
2017-11-26,8
2017-11-27,8
2017-11-28,11
2017-11-29,11
2017-11-30,8
2017-12-01,13
2017-12-02,16
2017-12-03,18
2017-12-04,18
2017-12-05,18
2017-12-06,17
2017-12-07,13
2017-12-08,15
2017-12-09,17
2017-12-10,13
2017-12-11,15
2017-12-12,17
2017-12-13,21
2017-12-14,20
2017-12-15,22
2017-12-16,33
2017-12-17,32
2017-12-18,36
2017-12-19,41
2017-12-20,49
2017-12-21,68
2017-12-22,56
2017-12-23,59
2017-12-24,60
2017-12-25,69
2017-12-26,64
2017-12-27,69
2017-12-28,64
2017-12-29,69
2017-12-30,69
2017-12-31,71
2018-01-01,80
2018-01-02,75
2018-01-03,75
2018-01-04,80
2018-01-05,74
2018-01-06,78
2018-01-07,86
2018-01-08,93
2018-01-09,95
2018-01-10,93
2018-01-11,98
2018-01-12,98
2018-01-13,98
2018-01-14,98
2018-01-15,98
2018-01-16,93
2018-01-17,100
2018-01-18,100
2018-01-19,100
2018-01-20,100
2018-01-21,100
2018-01-22,100
2018-01-23,96
2018-01-24,96
2018-01-25,95
2018-01-26,93
2018-01-27,93
2018-01-28,96
2018-01-29,96
2018-01-30,96
2018-01-31,96
2018-02-01,98
2018-02-02,98
2018-02-03,96
2018-02-04,96
2018-02-05,96
2018-02-06,98
2018-02-07,96
2018-02-08,94
2018-02-09,96
2018-02-10,91
2018-02-11,91
2018-02-12,91
2018-02-13,89
2018-02-14,93
2018-02-15,96
2018-02-16,93
2018-02-17,91
2018-02-18,100
2018-02-19,95
2018-02-20,93
2018-02-21,93
2018-02-22,93
2018-02-23,89
2018-02-24,91
2018-02-25,91
2018-02-26,91
2018-02-27,91
2018-02-28,91
2018-03-01,91
2018-03-02,89
2018-03-03,85
2018-03-04,84
2018-03-05,82
2018-03-06,96
2018-03-07,96
2018-03-08,96
2018-03-09,89
2018-03-10,96
2018-03-11,89
2018-03-12,89
2018-03-13,87
2018-03-14,78
2018-03-15,85
2018-03-16,84
2018-03-17,80
2018-03-18,62
2018-03-19,58
2018-03-20,54
2018-03-21,41
2018-03-22,45
2018-03-23,44
2018-03-24,41
2018-03-25,34
2018-03-26,45
2018-03-27,43
2018-03-28,34
2018-03-29,38
2018-03-30,40
2018-03-31,40
2018-04-01,27
2018-04-02,22
2018-04-03,24
2018-04-04,23
2018-04-05,30
2018-04-06,32
2018-04-07,18
2018-04-08,16
2018-04-09,16
2018-04-10,14
2018-04-11,16
2018-04-12,12
2018-04-13,14
2018-04-14,14
2018-04-15,19
2018-04-16,28
2018-04-17,23
2018-04-18,23
2018-04-19,20
2018-04-20,27
2018-04-21,23
2018-04-22,32
2018-04-23,32
2018-04-24,30
2018-04-25,30
2018-04-26,28
2018-04-27,26
2018-04-28,23
2018-04-29,26
2018-04-30,30
2018-05-01,30
2018-05-02,43
2018-05-03,47
2018-05-04,40
2018-05-05,47
2018-05-06,56
2018-05-07,42
2018-05-08,47
2018-05-09,45
2018-05-10,43
2018-05-11,40
2018-05-12,47
2018-05-13,44
2018-05-14,49
2018-05-15,44
2018-05-16,38
2018-05-17,33
2018-05-18,40
2018-05-19,40
2018-05-20,42
2018-05-21,53
2018-05-22,51
2018-05-23,40
2018-05-24,43
2018-05-25,43
2018-05-26,41
2018-05-27,40
2018-05-28,42
2018-05-29,56
2018-05-30,49
2018-05-31,52
2018-06-01,62
2018-06-02,62
2018-06-03,67
2018-06-04,67
2018-06-05,67
2018-06-06,61
2018-06-07,61
2018-06-08,61
2018-06-09,64
2018-06-10,59
2018-06-11,57
2018-06-12,57
2018-06-13,58
2018-06-14,63
2018-06-15,67
2018-06-16,72
2018-06-17,65
2018-06-18,65
2018-06-19,65
2018-06-20,65
2018-06-21,65
2018-06-22,63
2018-06-23,57
2018-06-24,62
2018-06-25,57
2018-06-26,55
2018-06-27,55
2018-06-28,52
2018-06-29,48
2018-06-30,54
2018-07-01,57
2018-07-02,62
2018-07-03,59
2018-07-04,60
2018-07-05,53
2018-07-06,55
2018-07-07,56
2018-07-08,53
2018-07-09,45
2018-07-10,45
2018-07-11,38
2018-07-12,32
2018-07-13,42
2018-07-14,35
2018-07-15,38
2018-07-16,38
2018-07-17,33
2018-07-18,23
2018-07-19,17
2018-07-20,13
2018-07-21,15
2018-07-22,13
2018-07-23,6
2018-07-24,6
2018-07-25,4
2018-07-26,6
2018-07-27,6
2018-07-28,6
2018-07-29,6
2018-07-30,6
2018-07-31,2
2018-08-01,2
2018-08-02,2
2018-08-03,2
2018-08-04,2
2018-08-05,4
2018-08-06,4
2018-08-07,4
2018-08-08,4
2018-08-09,4
2018-08-10,4
2018-08-11,2
2018-08-12,2
2018-08-13,2
2018-08-14,2
2018-08-15,0
2018-08-16,2
2018-08-17,2
2018-08-18,0
2018-08-19,0
2018-08-20,0
2018-08-21,0
2018-08-22,0
2018-08-23,0
2018-08-24,0
2018-08-25,0
2018-08-26,2
2018-08-27,0
2018-08-28,0
2018-08-29,0
2018-08-30,0
2018-08-31,2
2018-09-01,4
2018-09-02,7
2018-09-03,7
2018-09-04,7
2018-09-05,4
2018-09-06,4
2018-09-07,4
2018-09-08,4
2018-09-09,4
2018-09-10,4
2018-09-11,4
2018-09-12,4
2018-09-13,4
2018-09-14,7
2018-09-15,4
2018-09-16,4
2018-09-17,4
2018-09-18,7
2018-09-19,7
2018-09-20,11
2018-09-21,11
2018-09-22,11
2018-09-23,11
2018-09-24,11
2018-09-25,7
2018-09-26,11
2018-09-27,16
2018-09-28,14
2018-09-29,11
2018-09-30,11
2018-10-01,13
2018-10-02,13
2018-10-03,11
2018-10-04,13
2018-10-05,15
2018-10-06,15
2018-10-07,15
2018-10-08,15
2018-10-09,15
2018-10-10,15
2018-10-11,13
2018-10-12,13
2018-10-13,13
2018-10-14,10
2018-10-15,10
2018-10-16,13
2018-10-17,13
2018-10-18,15
2018-10-19,15
2018-10-20,17
2018-10-21,19
2018-10-22,27
2018-10-23,21
2018-10-24,23
2018-10-25,21
2018-10-26,21
2018-10-27,19
2018-10-28,21
2018-10-29,23
2018-10-30,21
2018-10-31,27
2018-11-01,29
2018-11-02,27
2018-11-03,27
2018-11-04,27
2018-11-05,27
2018-11-06,31
2018-11-07,31
2018-11-08,24
2018-11-09,35
2018-11-10,41
2018-11-11,51
2018-11-12,65
2018-11-13,57
2018-11-14,49
2018-11-15,24
2018-11-16,37
2018-11-17,29
2018-11-18,33
2018-11-19,29
2018-11-20,35
2018-11-21,33
2018-11-22,29
2018-11-23,29
2018-11-24,31
2018-11-25,27
2018-11-26,25
2018-11-27,25
2018-11-28,25
2018-11-29,23
2018-11-30,21
2018-12-01,25
2018-12-02,25
2018-12-03,25
2018-12-04,23
2018-12-05,26
2018-12-06,25
2018-12-07,26
2018-12-08,28
2018-12-09,30
2018-12-10,30
2018-12-11,28
2018-12-12,26
2018-12-13,30
2018-12-14,26
2018-12-15,23
2018-12-16,26
2018-12-17,28
2018-12-18,30
2018-12-19,24
2018-12-20,26
2018-12-21,24
2018-12-22,20
2018-12-23,30
2018-12-24,32
2018-12-25,32
2018-12-26,23
2018-12-27,26
2018-12-28,30
2018-12-29,36
2018-12-30,32
2018-12-31,30
2019-01-01,33
2019-01-02,32
2019-01-03,30
2019-01-04,30
2019-01-05,32
2019-01-06,28
2019-01-07,32
2019-01-08,36
2019-01-09,40
2019-01-10,38
2019-01-11,38
2019-01-12,40
2019-01-13,36
2019-01-14,38
2019-01-15,32
2019-01-16,36
2019-01-17,34
2019-01-18,34
2019-01-19,36
2019-01-20,36
2019-01-21,36
2019-01-22,36
2019-01-23,34
2019-01-24,34
2019-01-25,34
2019-01-26,34
2019-01-27,34
2019-01-28,30
2019-01-29,28
2019-01-30,30
2019-01-31,21
2019-02-01,21
2019-02-02,21
2019-02-03,21
2019-02-04,19
2019-02-05,19
2019-02-06,21
2019-02-07,23
2019-02-08,21
2019-02-09,23
2019-02-10,26
2019-02-11,28
2019-02-12,32
2019-02-13,30
2019-02-14,33
2019-02-15,33
2019-02-16,33
2019-02-17,42
2019-02-18,44
2019-02-19,40
2019-02-20,40
2019-02-21,38
2019-02-22,44
2019-02-23,52
2019-02-24,47
2019-02-25,48
2019-02-26,49
2019-02-27,49
2019-02-28,50
2019-03-01,50
2019-03-02,48
2019-03-03,48
2019-03-04,46
2019-03-05,58
2019-03-06,63
2019-03-07,67
2019-03-08,63
2019-03-09,60
2019-03-10,69
2019-03-11,67
2019-03-12,72
2019-03-13,80
2019-03-14,76
2019-03-15,76
2019-03-16,80
2019-03-17,79
2019-03-18,74
2019-03-19,68
2019-03-20,67
2019-03-21,67
2019-03-22,69
2019-03-23,60
2019-03-24,56
2019-03-25,60
2019-03-26,60
2019-03-27,73
2019-03-28,60
2019-03-29,62
2019-03-30,62
2019-03-31,68
2019-04-01,67
2019-04-02,69
2019-04-03,69
2019-04-04,65
2019-04-05,73
2019-04-06,71
2019-04-07,76
2019-04-08,71
2019-04-09,69
2019-04-10,69
2019-04-11,63
2019-04-12,60
2019-04-13,62
2019-04-14,58
2019-04-15,60
2019-04-16,53
2019-04-17,50
2019-04-18,51
2019-04-19,48
2019-04-20,49
2019-04-21,45
2019-04-22,41
2019-04-23,37
2019-04-24,28
2019-04-25,32
2019-04-26,34
2019-04-27,38
2019-04-28,36
2019-04-29,38
2019-04-30,36
2019-05-01,43
2019-05-02,36
2019-05-03,38
2019-05-04,36
2019-05-05,38
2019-05-06,38
2019-05-07,37
2019-05-08,30
2019-05-09,28
2019-05-10,28
2019-05-11,28
2019-05-12,24
2019-05-13,17
2019-05-14,17
2019-05-15,21
2019-05-16,26
2019-05-17,28
2019-05-18,28
2019-05-19,21
2019-05-20,17
2019-05-21,17
2019-05-22,17
2019-05-23,17
2019-05-24,21
2019-05-25,20
2019-05-26,20
2019-05-27,19
2019-05-28,23
2019-05-29,26
2019-05-30,23
2019-05-31,26
2019-06-01,24
2019-06-02,28
2019-06-03,22
2019-06-04,20
2019-06-05,15
2019-06-06,15
2019-06-07,19
2019-06-08,20
2019-06-09,20
2019-06-10,19
2019-06-11,15
2019-06-12,17
2019-06-13,15
2019-06-14,15
2019-06-15,10
2019-06-16,10
2019-06-17,6
2019-06-18,8
2019-06-19,11
2019-06-20,9
2019-06-21,9
2019-06-22,7
2019-06-23,7
2019-06-24,9
2019-06-25,7
2019-06-26,7
2019-06-27,7
2019-06-28,9
2019-06-29,9
2019-06-30,11
2019-07-01,11
2019-07-02,11
2019-07-03,9
2019-07-04,9
2019-07-05,9
2019-07-06,9
2019-07-07,9
2019-07-08,9
2019-07-09,9
2019-07-10,11
2019-07-11,12
2019-07-12,9
2019-07-13,7
2019-07-14,7
2019-07-15,9
2019-07-16,9
2019-07-17,7
2019-07-18,7
2019-07-19,7
2019-07-20,7
2019-07-21,7
2019-07-22,9
2019-07-23,12
2019-07-24,14
2019-07-25,12
2019-07-26,9
2019-07-27,12
2019-07-28,9
2019-07-29,9
2019-07-30,9
2019-07-31,9
2019-08-01,10
2019-08-02,10
2019-08-03,10
2019-08-04,10
2019-08-05,10
2019-08-06,10
2019-08-07,10
2019-08-08,12
2019-08-09,13
2019-08-10,12
2019-08-11,12
2019-08-12,12
2019-08-13,12
2019-08-14,12
2019-08-15,12
2019-08-16,12
2019-08-17,12
2019-08-18,15
2019-08-19,15
2019-08-20,15
2019-08-21,14
2019-08-22,14
2019-08-23,14
2019-08-24,12
2019-08-25,10
2019-08-26,10
2019-08-27,10
2019-08-28,12
2019-08-29,12
2019-08-30,12
2019-08-31,12
2019-09-01,12
2019-09-02,7
2019-09-03,10
2019-09-04,10
2019-09-05,7
2019-09-06,7
2019-09-07,7
2019-09-08,10
2019-09-09,10
2019-09-10,8
2019-09-11,7
2019-09-12,5
2019-09-13,5
2019-09-14,5
2019-09-15,3
2019-09-16,3
2019-09-17,5
2019-09-18,2
2019-09-19,12
2019-09-20,12
2019-09-21,10
2019-09-22,10
2019-09-23,12
2019-09-24,12
2019-09-25,10
2019-09-26,14
2019-09-27,10
2019-09-28,10
2019-09-29,8
2019-09-30,10
2019-10-01,12
2019-10-02,12
2019-10-03,13
2019-10-04,13
2019-10-05,12
2019-10-06,18
2019-10-07,28
2019-10-08,28
2019-10-09,29
2019-10-10,30
2019-10-11,25
2019-10-12,28
2019-10-13,36
2019-10-14,38
2019-10-15,31
2019-10-16,38
2019-10-17,35
2019-10-18,33
2019-10-19,33
2019-10-20,25
2019-10-21,25
2019-10-22,25
2019-10-23,25
2019-10-24,26
2019-10-25,23
2019-10-26,12
2019-10-27,15
2019-10-28,15
2019-10-29,24
2019-10-30,41
2019-10-31,37
2019-11-01,39
2019-11-02,46
2019-11-03,54
2019-11-04,56
2019-11-05,66
2019-11-06,61
2019-11-07,68
2019-11-08,68
2019-11-09,60
2019-11-10,63
2019-11-11,62
2019-11-12,67
2019-11-13,65
2019-11-14,71
2019-11-15,65
2019-11-16,65
2019-11-17,68
2019-11-18,66
2019-11-19,61
2019-11-20,54
2019-11-21,59
2019-11-22,55
2019-11-23,62
2019-11-24,64
2019-11-25,63
2019-11-26,67
2019-11-27,67
2019-11-28,73
2019-11-29,68
2019-11-30,65
2019-12-01,73
2019-12-02,83
2019-12-03,85
2019-12-04,85
2019-12-05,80
2019-12-06,73
2019-12-07,77
2019-12-08,73
2019-12-09,74
2019-12-10,78
2019-12-11,80
2019-12-12,80
2019-12-13,82
2019-12-14,79
2019-12-15,79
2019-12-16,69
2019-12-17,59
2019-12-18,57
2019-12-19,53
2019-12-20,58
2019-12-21,56
2019-12-22,54
2019-12-23,63
2019-12-24,60
2019-12-25,57
2019-12-26,56
2019-12-27,57
2019-12-28,63
2019-12-29,61
2019-12-30,64
2019-12-31,60
2020-01-01,62
2020-01-02,60
2020-01-03,55
2020-01-05,52
2020-01-06,49
2020-01-07,47
2020-01-08,44
2020-01-09,41
2020-01-10,36
2020-01-11,40
2020-01-12,40
2020-01-13,43
2020-01-14,48
2020-01-15,49
2020-01-16,50
2020-01-17,60
2020-01-18,55
2020-01-19,55
2020-01-20,50
2020-01-21,51
2020-01-22,57
2020-01-23,55
2020-01-24,68
2020-01-25,62
2020-01-26,63
2020-01-28,60
2020-01-29,57
2020-01-30,55
2020-01-31,60
2020-02-01,60
2020-02-02,65
2020-02-03,62
2020-02-04,64
2020-02-05,63
2020-02-06,68
2020-02-07,72
2020-02-08,74
2020-02-09,67
2020-02-10,73
2020-02-11,70
2020-02-12,75
2020-02-13,77
2020-02-14,77
2020-02-15,77
2020-02-16,74
2020-02-17,72
2020-02-18,75
2020-02-19,75
2020-02-20,75
2020-02-22,72
2020-02-23,74
2020-02-24,66
2020-02-25,65
2020-02-26,44
2020-02-27,57
2020-02-28,62
2020-02-29,57
2020-03-01,62
2020-03-02,62
2020-03-03,67
2020-03-04,68
2020-03-05,68
2020-03-06,67
2020-03-07,68
2020-03-08,56
2020-03-09,63
2020-03-10,66
2020-03-11,57
2020-03-12,46
2020-03-13,55
2020-03-14,53
2020-03-15,62
2020-03-16,64
2020-03-17,68
2020-03-18,77
2020-03-19,70
2020-03-20,63
2020-03-21,65
2020-03-22,67
2020-03-23,57
2020-03-24,55
2020-03-25,57
2020-03-26,55
2020-03-27,60
2020-03-28,64
2020-03-29,66
2020-03-30,62
2020-03-31,62
2020-04-01,60
2020-04-02,57
2020-04-03,60
2020-04-04,58
2020-04-05,52
2020-04-06,69
2020-04-07,73
2020-04-08,72
2020-04-09,75
2020-04-10,67
2020-04-11,65
2020-04-12,69
2020-04-13,58
2020-04-14,48
2020-04-15,46
2020-04-16,47
2020-04-17,47
2020-04-18,47
2020-04-19,47
2020-04-20,47
2020-04-21,46
2020-04-22,46
2020-04-23,51
2020-04-24,52
2020-04-25,50
2020-04-26,46
2020-04-27,50
2020-04-28,54
2020-04-29,48
2020-04-30,35
2020-05-01,39
2020-05-02,33
2020-05-03,30
2020-05-04,35
2020-05-05,33
2020-05-06,33
2020-05-07,28
2020-05-08,30
2020-05-09,30
2020-05-10,28
2020-05-11,24
2020-05-12,22
2020-05-13,20
2020-05-14,24
2020-05-15,24
2020-05-16,24
2020-05-17,23
2020-05-18,21
2020-05-19,19
2020-05-20,21
2020-05-21,21
2020-05-22,35
2020-05-23,29
2020-05-24,35
2020-05-25,43
2020-05-26,43
2020-05-27,39
2020-05-28,37
2020-05-29,37
2020-05-30,37
2020-05-31,33
2020-06-01,29
2020-06-02,31
2020-06-03,35
2020-06-04,33
2020-06-05,33
2020-06-06,41
2020-06-07,37
2020-06-08,35
2020-06-09,49
2020-06-10,55
2020-06-11,47
2020-06-12,44
2020-06-13,47
2020-06-14,51
2020-06-15,49
2020-06-16,47
2020-06-17,49
2020-06-18,56
2020-06-19,55
2020-06-20,55
2020-06-21,57
2020-06-22,57
2020-06-23,60
2020-06-24,55
2020-06-25,55
2020-06-26,55
2020-06-27,51
2020-06-28,51
2020-06-29,53
2020-06-30,53
2020-07-01,57
2020-07-02,53
2020-07-03,57
2020-07-04,55
2020-07-05,51
2020-07-06,54
2020-07-07,57
2020-07-08,59
2020-07-09,59
2020-07-10,61
2020-07-11,63
2020-07-12,63
2020-07-13,65
2020-07-14,65
2020-07-15,66
2020-07-16,64
2020-07-17,64
2020-07-18,66
2020-07-19,66
2020-07-20,66
2020-07-21,66
2020-07-22,70
2020-07-23,68
2020-07-24,67
2020-07-25,65
2020-07-26,61
2020-07-27,41
2020-07-28,57
2020-07-29,62
2020-07-30,62
2020-07-31,60
2020-08-01,62
2020-08-02,66
2020-08-03,66
2020-08-04,70
2020-08-05,72
2020-08-06,72
2020-08-07,72
2020-08-08,72
2020-08-09,76
2020-08-10,80
2020-08-11,83
2020-08-12,85
2020-08-13,83
2020-08-14,83
2020-08-15,89
2020-08-16,89
2020-08-17,89
2020-08-18,87
2020-08-19,84
2020-08-20,84
2020-08-21,81
2020-08-22,81
2020-08-23,79
2020-08-24,81
2020-08-25,81
2020-08-26,86
2020-08-27,81
2020-08-28,79
2020-08-29,81
2020-08-30,81
2020-08-31,79
2020-09-01,81
2020-09-02,81
2020-09-03,79
2020-09-04,76
2020-09-05,72
2020-09-06,74
2020-09-07,72
2020-09-08,74
2020-09-09,79
2020-09-10,76
2020-09-11,76
2020-09-12,77
2020-09-13,79
2020-09-14,76
2020-09-15,62
2020-09-16,64
2020-09-17,64
2020-09-18,64
2020-09-19,64
2020-09-20,55
2020-09-21,55
2020-09-22,55
2020-09-23,54
2020-09-24,55
2020-09-25,64
2020-09-26,58
2020-09-27,57
2020-09-28,62
2020-09-29,62
2020-09-30,65
2020-10-01,63
2020-10-02,53
2020-10-03,58
2020-10-04,52
2020-10-05,55
2020-10-06,44
2020-10-07,43
2020-10-08,48
2020-10-09,45
2020-10-10,49
2020-10-11,47
2020-10-12,49
2020-10-13,44
2020-10-14,44
2020-10-15,41
2020-10-16,38
2020-10-17,37
2020-10-18,38
2020-10-19,36
2020-10-20,33
2020-10-21,33
2020-10-22,36
2020-10-23,37
2020-10-24,35
2020-10-25,39
2020-10-26,37
2020-10-27,35
2020-10-28,33
2020-10-29,33
2020-10-30,29
2020-10-31,28
2020-11-01,28
2020-11-02,24
2020-11-03,24
2020-11-04,20
2020-11-05,18
2020-11-06,20
2020-11-07,20
2020-11-08,18
2020-11-09,20
2020-11-10,20
2020-11-11,16
2020-11-12,16
2020-11-13,16
2020-11-14,13
2020-11-15,13
2020-11-16,13
2020-11-17,13
2020-11-18,9
2020-11-19,11
2020-11-20,9
2020-11-21,9
2020-11-22,11
2020-11-23,9
2020-11-24,9
2020-11-25,11
2020-11-26,13
2020-11-27,9
2020-11-28,9
2020-11-29,9
2020-11-30,9
2020-12-01,9
2020-12-02,13
2020-12-03,13
2020-12-04,15
2020-12-05,15
2020-12-06,13
2020-12-07,13
2020-12-08,13
2020-12-09,15
2020-12-10,15
2020-12-11,11
2020-12-12,17
2020-12-13,17
2020-12-14,16
2020-12-15,18
2020-12-16,18
2020-12-17,18
2020-12-18,20
2020-12-19,20
2020-12-20,20
2020-12-21,20
2020-12-22,18
2020-12-23,18
2020-12-24,16
2020-12-25,14
2020-12-26,14
2020-12-27,14
2020-12-28,16
2020-12-29,12
2020-12-30,10
2020-12-31,12
2021-01-01,14
2021-01-02,14
2021-01-03,18
2021-01-04,22
2021-01-05,24
2021-01-06,22
2021-01-07,18
2021-01-08,16
2021-01-09,16
2021-01-10,18
2021-01-11,16
2021-01-12,18
2021-01-13,20
2021-01-14,20
2021-01-15,24
2021-01-16,27
2021-01-17,33
2021-01-18,37
2021-01-19,41
2021-01-20,41
2021-01-21,39
2021-01-22,39
2021-01-23,43
2021-01-24,45
2021-01-25,47
2021-01-26,51
2021-01-27,55
2021-01-28,57
2021-01-29,51
2021-01-30,53
2021-01-31,53
2021-02-01,59
2021-02-02,57
2021-02-03,59
2021-02-04,57
2021-02-05,59
2021-02-06,57
2021-02-07,59
2021-02-08,51
2021-02-09,55
2021-02-10,63
2021-02-11,63
2021-02-12,61
2021-02-13,67
2021-02-14,67
2021-02-15,67
2021-02-16,67
2021-02-17,63
2021-02-18,63
2021-02-19,65
2021-02-20,65
2021-02-21,65
2021-02-22,59
2021-02-23,57
2021-02-24,59
2021-02-25,59
2021-02-26,59
2021-02-27,61
2021-02-28,61
2021-03-01,61
2021-03-02,61
2021-03-03,61
2021-03-04,63
2021-03-05,63
2021-03-06,63
2021-03-07,61
2021-03-08,61
2021-03-09,63
2021-03-10,61
2021-03-11,65
2021-03-12,63
2021-03-13,61
2021-03-14,59
2021-03-15,61
2021-03-16,67
2021-03-17,67
2021-03-18,69
2021-03-19,71
2021-03-20,71
2021-03-21,71
2021-03-22,73
2021-03-23,76
2021-03-24,71
2021-03-25,76
2021-03-26,78
2021-03-27,78
2021-03-28,78
2021-03-29,84
2021-03-30,86
2021-03-31,86
2021-04-01,90
2021-04-02,92
2021-04-03,92
2021-04-04,92
2021-04-05,90
2021-04-06,92
2021-04-07,92
2021-04-08,94
2021-04-09,90
2021-04-10,90
2021-04-11,92
2021-04-12,90
2021-04-13,92
2021-04-14,92
2021-04-15,96
2021-04-16,98
2021-04-17,98
2021-04-18,96
2021-04-19,94
2021-04-20,94
2021-04-21,94
2021-04-22,94
2021-04-23,88
2021-04-24,84
2021-04-25,86
2021-04-26,88
2021-04-27,88
2021-04-28,92
2021-04-29,94
2021-04-30,92
2021-05-01,92
2021-05-02,94
2021-05-03,96
2021-05-04,94
2021-05-05,94
2021-05-06,90
2021-05-07,96
2021-05-08,88
2021-05-09,90
2021-05-10,90
2021-05-11,90
2021-05-12,86
2021-05-13,86
2021-05-14,90
2021-05-15,92
2021-05-16,92
2021-05-17,94
2021-05-18,98
2021-05-19,84
2021-05-20,92
2021-05-21,90
2021-05-22,86
2021-05-23,78
2021-05-24,88
2021-05-25,90
2021-05-26,88
2021-05-27,88
2021-05-28,86
2021-05-29,86
2021-05-30,90
2021-05-31,88
2021-06-01,88
2021-06-02,90
2021-06-03,94
2021-06-04,92
2021-06-05,92
2021-06-06,90
2021-06-07,88
2021-06-08,88
2021-06-09,88
2021-06-10,88
2021-06-11,84
2021-06-12,86
2021-06-13,82
2021-06-14,86
2021-06-15,82
2021-06-16,84
2021-06-17,84
2021-06-18,86
2021-06-19,80
2021-06-20,80
2021-06-21,73
2021-06-22,71
2021-06-23,71
2021-06-24,69
2021-06-25,71
2021-06-26,71
2021-06-27,65
2021-06-28,71
2021-06-29,71
2021-06-30,73
2021-07-01,67
2021-07-02,73
2021-07-03,65
2021-07-04,63
2021-07-05,55
2021-07-06,63
2021-07-07,61
2021-07-08,55
2021-07-09,55
2021-07-10,51
2021-07-11,53
2021-07-12,51
2021-07-13,45
2021-07-14,39
2021-07-15,35
2021-07-16,33
2021-07-17,33
2021-07-18,33
2021-07-19,31
2021-07-20,27
2021-07-21,29
2021-07-22,35
2021-07-23,35
2021-07-24,33
2021-07-25,29
2021-07-26,22
2021-07-27,20
2021-07-28,16
2021-07-29,22
2021-07-30,22
2021-07-31,24
2021-08-01,24
2021-08-02,27
2021-08-03,24
2021-08-04,27
2021-08-05,27
2021-08-06,27
2021-08-07,29
2021-08-08,22
2021-08-09,20
2021-08-10,18
2021-08-11,16
2021-08-12,12
2021-08-13,6
2021-08-14,6
2021-08-15,10
2021-08-16,6
2021-08-17,16
2021-08-18,18
2021-08-19,29
2021-08-20,37
2021-08-21,49
2021-08-22,29
2021-08-23,33
2021-08-24,24
2021-08-25,29
2021-08-26,33
2021-08-27,35
2021-08-28,33
2021-08-29,33
2021-08-30,33
2021-08-31,29
2021-09-01,27
2021-09-02,27
2021-09-03,29
2021-09-04,29
2021-09-05,35
2021-09-06,39
2021-09-07,35
2021-09-08,45
2021-09-09,57
2021-09-10,51
2021-09-11,53
2021-09-12,57
2021-09-13,51
2021-09-14,53
2021-09-15,55
2021-09-16,57
2021-09-17,55
2021-09-18,47
2021-09-19,61
2021-09-20,69
2021-09-21,55
2021-09-22,63
2021-09-23,59
2021-09-24,61
2021-09-25,59
2021-09-26,59
2021-09-27,55
2021-09-28,55
2021-09-29,57
2021-09-30,57
2021-10-01,55
2021-10-02,55
2021-10-03,53
2021-10-04,49
2021-10-05,47
2021-10-06,41
2021-10-07,47
2021-10-08,53
2021-10-09,53
2021-10-10,51
2021-10-11,43
2021-10-12,47
2021-10-13,47
2021-10-14,51
2021-10-15,41
2021-10-16,43
2021-10-17,43
2021-10-18,47
2021-10-19,41
2021-10-20,39
2021-10-21,45
2021-10-22,47
2021-10-23,55
2021-10-24,57
2021-10-25,57
2021-10-26,65
2021-10-27,59
2021-10-28,61
2021-10-29,61
2021-10-30,57
2021-10-31,55
2021-11-01,53
2021-11-02,55
2021-11-03,57
2021-11-04,59
2021-11-05,59
2021-11-06,63
2021-11-07,63
2021-11-08,59
2021-11-09,53
2021-11-10,51
2021-11-11,51
2021-11-12,51
2021-11-13,51
2021-11-14,51
2021-11-15,53
2021-11-16,47
2021-11-17,49
2021-11-18,43
2021-11-19,51
2021-11-20,49
2021-11-21,49
2021-11-22,53
2021-11-23,53
2021-11-24,49
2021-11-25,53
2021-11-26,55
2021-11-27,53
2021-11-28,49
2021-11-29,43
2021-11-30,43
2021-12-01,43
2021-12-02,45
2021-12-03,43
2021-12-04,43
2021-12-05,43
2021-12-06,41
2021-12-07,39
2021-12-08,31
2021-12-09,33
2021-12-10,33
2021-12-11,29
2021-12-12,33
2021-12-13,35
2021-12-14,31
2021-12-15,37
2021-12-16,37
2021-12-17,39
2021-12-18,37
2021-12-19,43
2021-12-20,41
2021-12-21,39
2021-12-22,39
2021-12-23,39
2021-12-24,41
2021-12-25,41
2021-12-26,45
2021-12-27,45
2021-12-28,43
2021-12-29,43
2021-12-30,43
2021-12-31,41
2022-01-01,43
2022-01-02,45
2022-01-03,51
2022-01-04,55
2022-01-05,51
2022-01-06,53
2022-01-07,49
2022-01-08,51
2022-01-09,61
2022-01-10,57
2022-01-11,57
2022-01-12,61
2022-01-13,69
2022-01-14,65
2022-01-15,69
2022-01-16,78
2022-01-17,78
2022-01-18,76
2022-01-19,67
2022-01-20,53
2022-01-21,49
2022-01-22,39
2022-01-23,39
2022-01-24,33
2022-01-25,35
2022-01-26,37
2022-01-27,37
2022-01-28,35
2022-01-29,35
2022-01-30,37
2022-01-31,37
2022-02-01,39
2022-02-02,41
2022-02-03,43
2022-02-04,39
2022-02-05,39
2022-02-06,41
2022-02-07,41
2022-02-08,43
2022-02-09,45
2022-02-10,43
2022-02-11,39
2022-02-12,41
2022-02-13,37
2022-02-14,41
2022-02-15,43
2022-02-16,45
2022-02-17,37
2022-02-18,33
2022-02-19,33
2022-02-20,31
2022-02-21,24
2022-02-22,22
2022-02-23,24
2022-02-24,22
2022-02-25,24
2022-02-26,29
2022-02-27,24
2022-02-28,24
2022-03-01,22
2022-03-02,22
2022-03-03,22
2022-03-04,24
2022-03-05,31
2022-03-06,27
2022-03-07,27
2022-03-08,29
2022-03-09,22
2022-03-10,31
2022-03-11,33
2022-03-12,33
2022-03-13,33
2022-03-14,33
2022-03-15,27
2022-03-16,24
2022-03-17,22
2022-03-18,24
2022-03-19,29
2022-03-20,33
2022-03-21,29
2022-03-22,24
2022-03-23,27
2022-03-24,29
2022-03-25,24
2022-03-26,24
2022-03-27,24
2022-03-28,22
2022-03-29,22
2022-03-30,20
2022-03-31,22
2022-04-01,22
2022-04-02,22
2022-04-03,18
2022-04-04,18
2022-04-05,20
2022-04-06,18
2022-04-07,18
2022-04-08,22
2022-04-09,20
2022-04-10,24
2022-04-11,18
2022-04-12,20
2022-04-13,18
2022-04-14,22
2022-04-15,18
2022-04-16,16
2022-04-17,20
2022-04-18,22
2022-04-19,27
2022-04-20,27
2022-04-21,29
2022-04-22,47
2022-04-23,41
2022-04-24,47
2022-04-25,41
2022-04-26,35
2022-04-27,33
2022-04-28,33
2022-04-29,24
2022-04-30,31
2022-05-01,27
2022-05-02,24
2022-05-03,22
2022-05-04,24
2022-05-05,31
2022-05-06,29
2022-05-07,31
2022-05-08,27
2022-05-09,29
2022-05-10,20
2022-05-11,14
2022-05-12,16
2022-05-13,12
2022-05-14,16
2022-05-15,16
2022-05-16,20
2022-05-17,18
2022-05-18,16
2022-05-19,16
2022-05-20,18
2022-05-21,18
2022-05-22,18
2022-05-23,16
2022-05-24,16
2022-05-25,20
2022-05-26,20
2022-05-27,20
2022-05-28,18
2022-05-29,20
2022-05-30,22
2022-05-31,22
2022-06-01,22
2022-06-02,20
2022-06-03,22
2022-06-04,24
2022-06-05,24
2022-06-06,16
2022-06-07,22
2022-06-08,22
2022-06-09,18
2022-06-10,16
2022-06-11,14
2022-06-12,18
2022-06-13,27
2022-06-14,27
2022-06-15,29
2022-06-16,29
2022-06-17,27
2022-06-18,29
2022-06-19,31
2022-06-20,29
2022-06-21,24
2022-06-22,27
2022-06-23,29
2022-06-24,29
2022-06-25,35
2022-06-26,31
2022-06-27,31
2022-06-28,33
2022-06-29,31
2022-06-30,29
2022-07-01,27
2022-07-02,29
2022-07-03,24
2022-07-04,24
2022-07-05,24
2022-07-06,29
2022-07-07,22
2022-07-08,22
2022-07-09,22
2022-07-10,27
2022-07-11,27
2022-07-12,27
2022-07-13,27
2022-07-14,29
2022-07-15,27
2022-07-16,29
2022-07-17,35
2022-07-18,33
2022-07-19,27
2022-07-20,24
2022-07-21,24
2022-07-22,22
2022-07-23,24
2022-07-24,31
2022-07-25,27
2022-07-26,29
2022-07-27,33
2022-07-28,43
2022-07-29,45
2022-07-30,53
2022-07-31,53
2022-08-01,49
2022-08-02,43
2022-08-03,43
2022-08-04,49
2022-08-05,49
2022-08-06,51
2022-08-07,67
2022-08-08,67
2022-08-09,92
2022-08-10,98
2022-08-11,90
2022-08-12,90
2022-08-13,82
2022-08-14,84
2022-08-15,82
2022-08-16,82
2022-08-17,86
2022-08-18,84
2022-08-19,84
2022-08-20,78
2022-08-21,76
2022-08-22,78
2022-08-23,84
2022-08-24,96
2022-08-25,94
2022-08-26,94
2022-08-27,94
2022-08-28,90
2022-08-29,92
2022-08-30,92
2022-08-31,94
2022-09-01,92
2022-09-02,90
2022-09-03,90
2022-09-04,96
2022-09-05,94
2022-09-06,96
2022-09-07,96
2022-09-08,96
2022-09-09,96
2022-09-10,96
2022-09-11,96
2022-09-12,88
2022-09-13,80
2022-09-14,84
2022-09-15,71
2022-09-16,67
2022-09-17,69
2022-09-18,69
2022-09-19,65
2022-09-20,67
2022-09-21,69
2022-09-22,53
2022-09-23,69
2022-09-24,69
2022-09-25,67
2022-09-26,59
2022-09-27,69
2022-09-28,61
2022-09-29,65
2022-09-30,63
2022-10-01,63
2022-10-02,61
2022-10-03,67
2022-10-04,61
2022-10-05,63
2022-10-06,63
2022-10-07,61
2022-10-08,63
2022-10-09,71
2022-10-10,71
2022-10-11,67
2022-10-12,61
2022-10-13,59
2022-10-14,61
2022-10-15,53
2022-10-16,53
2022-10-17,63
2022-10-18,67
2022-10-19,63
2022-10-20,57
2022-10-21,59
2022-10-22,55
2022-10-23,57
2022-10-24,61
2022-10-25,51
2022-10-26,45
2022-10-27,47
2022-10-28,45
2022-10-29,45
2022-10-30,41
2022-10-31,43
2022-11-01,43
2022-11-02,41
2022-11-03,45
2022-11-04,43
2022-11-05,41
2022-11-06,39
2022-11-07,39
2022-11-08,41
2022-11-09,41
2022-11-10,45
2022-11-11,49
2022-11-12,43
2022-11-13,47
2022-11-14,49
2022-11-15,45
2022-11-16,45
2022-11-17,39
2022-11-18,41
2022-11-19,43
2022-11-20,43
2022-11-21,43
2022-11-22,33
2022-11-23,39
2022-11-24,43
2022-11-25,39
2022-11-26,41
2022-11-27,41
2022-11-28,41
2022-11-29,41
2022-11-30,37
2022-12-01,33
2022-12-02,33
2022-12-03,33
2022-12-04,31
2022-12-05,31
2022-12-06,33
2022-12-07,24
2022-12-08,33
2022-12-09,33
2022-12-10,35
2022-12-11,37
2022-12-12,35
2022-12-13,35
2022-12-14,29
2022-12-15,29
2022-12-16,31
2022-12-17,33
2022-12-18,33
2022-12-19,31
2022-12-20,29
2022-12-21,29
2022-12-22,29
2022-12-23,29
2022-12-24,29
2022-12-25,29
2022-12-26,29
2022-12-27,31
2022-12-28,24
2022-12-29,24
2022-12-30,24
2022-12-31,24
2023-01-01,24
2023-01-02,29
2023-01-03,27
2023-01-04,33
2023-01-05,31
2023-01-06,24
2023-01-07,24
2023-01-08,29
2023-01-09,35
2023-01-10,33
2023-01-11,35
2023-01-12,27
2023-01-13,27
2023-01-14,24
2023-01-15,24
2023-01-16,24
2023-01-17,22
2023-01-18,20
2023-01-19,20
2023-01-20,22
2023-01-21,29
2023-01-22,31
2023-01-23,31
2023-01-24,22
2023-01-25,22
2023-01-26,22
2023-01-27,29
2023-01-28,27
2023-01-29,29
2023-01-30,22
2023-01-31,29
2023-02-01,22
2023-02-02,20
2023-02-03,22
2023-02-04,29
2023-02-05,22
2023-02-06,35
2023-02-07,45
2023-02-08,31
2023-02-09,29
2023-02-10,37
2023-02-11,41
2023-02-12,41
2023-02-13,37
2023-02-14,39
2023-02-15,39
2023-02-16,37
2023-02-17,41
2023-02-18,43
2023-02-19,47
2023-02-20,41
2023-02-21,41
2023-02-22,41
2023-02-23,41
2023-02-24,39
2023-02-25,31
2023-02-26,37
2023-02-27,39
2023-02-28,35
2023-03-01,35
2023-03-02,29
2023-03-03,35
2023-03-04,24
2023-03-05,27
2023-03-06,27
2023-03-07,27
2023-03-08,24
2023-03-09,24
2023-03-10,27
2023-03-11,18
2023-03-12,20
2023-03-13,27
2023-03-14,29
2023-03-15,22
2023-03-16,27
2023-03-17,27
2023-03-18,27
2023-03-19,27
2023-03-20,27
2023-03-21,27
2023-03-22,27
2023-03-23,27
2023-03-24,27
2023-03-25,24
2023-03-26,27
2023-03-27,24
2023-03-28,27
2023-03-29,24
2023-03-30,24
2023-03-31,27
2023-04-01,27
2023-04-02,27
2023-04-03,22
2023-04-04,27
2023-04-05,27
2023-04-06,22
2023-04-07,22
2023-04-08,18
2023-04-09,14
2023-04-10,14
2023-04-11,14
2023-04-12,12
2023-04-13,14
2023-04-14,16
2023-04-15,14
2023-04-16,16
2023-04-17,16
2023-04-18,16
2023-04-19,16
2023-04-20,14
2023-04-21,12
2023-04-22,12
2023-04-23,12
2023-04-24,8
2023-04-25,8
2023-04-26,10
2023-04-27,10
2023-04-28,10
2023-04-29,10
2023-04-30,10
2023-05-01,12
2023-05-02,10
2023-05-03,8
2023-05-04,8
2023-05-05,4
2023-05-06,4
2023-05-07,4
2023-05-08,4
2023-05-09,4
2023-05-10,4
2023-05-11,4
2023-05-12,4
2023-05-13,4
2023-05-14,4
2023-05-15,4
2023-05-16,4
2023-05-17,8
2023-05-18,6
2023-05-19,6
2023-05-20,6
2023-05-21,4
2023-05-22,8
2023-05-23,6
2023-05-24,6
2023-05-25,4
2023-05-26,4
2023-05-27,4
2023-05-28,4
2023-05-29,4
2023-05-30,4
2023-05-31,4
2023-06-01,4
2023-06-02,10
2023-06-03,10
2023-06-04,10
2023-06-05,12
2023-06-06,6
2023-06-07,10
2023-06-08,8
2023-06-09,10
2023-06-10,12
2023-06-11,8
2023-06-12,12
2023-06-13,14
2023-06-14,14
2023-06-15,18
2023-06-16,12
2023-06-17,20
2023-06-18,22
2023-06-19,22
2023-06-20,18
2023-06-21,8
2023-06-22,8
2023-06-23,8
2023-06-24,10
2023-06-25,10
2023-06-26,10
2023-06-27,10
2023-06-28,10
2023-06-29,8
2023-06-30,16
2023-07-01,14
2023-07-02,14
2023-07-03,14
2023-07-04,14
2023-07-05,12
2023-07-06,14
2023-07-07,16
2023-07-08,18
2023-07-09,18
2023-07-10,16
2023-07-11,16
2023-07-12,20
2023-07-13,22
2023-07-14,20
2023-07-15,18
2023-07-16,18
2023-07-17,22
2023-07-18,18
2023-07-19,22
2023-07-20,27
2023-07-21,24
2023-07-22,31
2023-07-23,27
2023-07-24,29
2023-07-25,29
2023-07-26,33
2023-07-27,33
2023-07-28,33
2023-07-29,37
2023-07-30,33
2023-07-31,33
2023-08-01,31
2023-08-02,27
2023-08-03,29
2023-08-04,29
2023-08-05,31
2023-08-06,35
2023-08-07,27
2023-08-08,29
2023-08-09,33
2023-08-10,31
2023-08-11,29
2023-08-12,29
2023-08-13,31
2023-08-14,31
2023-08-15,27
2023-08-16,22
2023-08-17,22
2023-08-18,27
2023-08-19,29
2023-08-20,24
2023-08-21,27
2023-08-22,24
2023-08-23,24
2023-08-24,27
2023-08-25,27
2023-08-26,27
2023-08-27,29
2023-08-28,33
2023-08-29,29
2023-08-30,22
2023-08-31,22
2023-09-01,18
2023-09-02,18
2023-09-03,16
2023-09-04,24
2023-09-05,29
2023-09-06,29
2023-09-07,31
2023-09-08,39
2023-09-09,41
2023-09-10,35
2023-09-11,35
2023-09-12,31
2023-09-13,37
2023-09-14,39
2023-09-15,43
2023-09-16,39
2023-09-17,39
2023-09-18,47
2023-09-19,49
2023-09-20,49
2023-09-21,49
2023-09-22,49
2023-09-23,45
2023-09-24,47
2023-09-25,45
2023-09-26,57
2023-09-27,57
2023-09-28,41
2023-09-29,37
2023-09-30,37
2023-10-01,43
2023-10-02,33
2023-10-03,37
2023-10-04,37
2023-10-05,41
2023-10-06,39
2023-10-07,41
2023-10-08,43
2023-10-09,37
2023-10-10,39
2023-10-11,33
2023-10-12,24
2023-10-13,24
2023-10-14,27
2023-10-15,22
2023-10-16,18
2023-10-17,18
2023-10-18,16
2023-10-19,16
2023-10-20,14
2023-10-21,18
2023-10-22,20
2023-10-23,20
2023-10-24,18
2023-10-25,14
2023-10-26,16
2023-10-27,14
2023-10-28,16
2023-10-29,18
2023-10-30,18
2023-10-31,16
2023-11-01,18
2023-11-02,16
2023-11-03,16
2023-11-04,18
2023-11-05,31
2023-11-06,33
2023-11-07,29
2023-11-08,29
2023-11-09,27
2023-11-10,35
2023-11-11,35
2023-11-12,39
2023-11-13,41
2023-11-14,49
2023-11-15,47
2023-11-16,47
2023-11-17,37
2023-11-18,35
2023-11-19,45
2023-11-20,45
2023-11-21,35
2023-11-22,41
2023-11-23,43
2023-11-24,37
2023-11-25,41
2023-11-26,43
2023-11-27,41
2023-11-28,43
2023-11-29,41
2023-11-30,41
2023-12-01,41
2023-12-02,43
2023-12-03,45
2023-12-04,37
2023-12-05,39
2023-12-06,37
2023-12-07,43
2023-12-08,45
2023-12-09,51
2023-12-10,51
2023-12-11,53
2023-12-12,57
2023-12-13,55
2023-12-14,55
2023-12-15,53
2023-12-16,59
2023-12-17,55
2023-12-18,53
2023-12-19,49
2023-12-20,51
2023-12-21,55
2023-12-22,59
2023-12-23,57
2023-12-24,59
2023-12-25,67
2023-12-26,69
2023-12-27,67
2023-12-28,69
2023-12-29,67
2023-12-30,69
2023-12-31,69
2024-01-01,67
2024-01-02,67
2024-01-03,61
2024-01-04,59
2024-01-05,59
2024-01-06,61
2024-01-07,59
2024-01-08,61
2024-01-09,57
2024-01-10,65
2024-01-11,67
2024-01-12,69
2024-01-13,73
2024-01-14,76
2024-01-15,76
2024-01-16,76
2024-01-17,76
2024-01-18,78
2024-01-19,73
2024-01-20,73
2024-01-21,73
2024-01-22,84
2024-01-23,78
2024-01-24,78
2024-01-25,80
2024-01-26,76
2024-01-27,78
2024-01-28,76
2024-01-29,76
2024-01-30,73
2024-01-31,71
2024-02-01,71
2024-02-02,71
2024-02-03,63
2024-02-04,55
2024-02-05,67
2024-02-06,67
2024-02-07,65
2024-02-08,61
2024-02-09,53
2024-02-10,47
2024-02-11,51
2024-02-12,51
2024-02-13,49
2024-02-14,47
2024-02-15,57
2024-02-16,59
2024-02-17,53
2024-02-18,53
2024-02-19,71
2024-02-20,61
2024-02-21,55
2024-02-22,57
2024-02-23,57
2024-02-24,57
2024-02-25,61
2024-02-26,67
2024-02-27,63
2024-02-28,57
2024-02-29,55
2024-03-01,59
2024-03-02,73
2024-03-03,71
2024-03-04,71
2024-03-05,73
2024-03-06,76
2024-03-07,71
2024-03-08,63
2024-03-09,67
2024-03-10,59
2024-03-11,55
2024-03-12,61
2024-03-13,55
2024-03-14,55
2024-03-15,51
2024-03-16,47
2024-03-17,51
2024-03-18,47
2024-03-19,51
2024-03-20,51
2024-03-21,51
2024-03-22,51
2024-03-23,47
2024-03-24,49
2024-03-25,47
2024-03-26,47
2024-03-27,47
2024-03-28,51
2024-03-29,47
2024-03-30,45
2024-03-31,49
2024-04-01,47
2024-04-02,49
2024-04-03,45
2024-04-04,47
2024-04-05,47
2024-04-06,51
2024-04-07,55
2024-04-08,59
2024-04-09,45
2024-04-10,43
2024-04-11,41
2024-04-12,33
2024-04-13,24
2024-04-14,35
2024-04-15,39
2024-04-16,37
2024-04-17,39
2024-04-18,39
2024-04-19,35
2024-04-20,43
2024-04-21,39
2024-04-22,39
2024-04-23,41
2024-04-24,37
2024-04-25,41
2024-04-26,39
2024-04-27,39
2024-04-28,37
2024-04-29,37
2024-04-30,37
2024-05-01,43
2024-05-02,41
2024-05-03,37
2024-05-04,41
2024-05-05,39
2024-05-06,39
2024-05-07,37
2024-05-08,37
2024-05-09,41
2024-05-10,41
2024-05-11,41
2024-05-12,41
2024-05-13,41
2024-05-14,43
2024-05-15,41
2024-05-16,43
2024-05-17,43
2024-05-18,39
2024-05-19,37
2024-05-20,43
2024-05-21,39
2024-05-22,35
2024-05-23,37
2024-05-25,35
2024-05-28,43
2024-05-29,43
2024-05-30,35
2024-05-31,37
2024-06-01,35
2024-06-02,35
2024-06-03,31
2024-06-04,33
2024-06-05,31
2024-06-06,22
2024-06-07,27
2024-06-08,24
2024-06-09,24
2024-06-10,27
2024-06-11,20
2024-06-12,18
2024-06-13,18
2024-06-14,20
2024-06-15,20
2024-06-16,27
2024-06-17,20
2024-06-18,18
2024-06-19,18
2024-06-20,16
2024-06-21,22
2024-06-22,22
2024-06-23,24
2024-06-24,22
2024-06-25,22
2024-06-26,22
2024-06-27,22
2024-06-28,24
2024-06-29,24
2024-06-30,22
2024-07-01,24
2024-07-02,22
2024-07-03,24
2024-07-04,27
2024-07-05,24
2024-07-06,27
2024-07-07,24
2024-07-08,24
2024-07-09,24
2024-07-10,27
2024-07-11,33
2024-07-12,47
2024-07-13,39
2024-07-14,37
2024-07-15,33
2024-07-16,33
2024-07-17,29
2024-07-18,35
2024-07-19,31
2024-07-20,24
2024-07-21,24
2024-07-22,24
2024-07-23,24
2024-07-24,22
2024-07-25,16
2024-07-26,16
2024-07-27,16
2024-07-28,16
2024-07-29,24
2024-07-30,12
2024-07-31,16
2024-08-01,18
2024-08-02,24
2024-08-03,24
2024-08-04,20
2024-08-05,22
2024-08-06,22
2024-08-07,22
2024-08-08,20
2024-08-09,20
2024-08-10,18
2024-08-11,24
2024-08-12,22
2024-08-13,24
2024-08-14,31
2024-08-15,22
2024-08-16,20
2024-08-17,22
2024-08-18,20
2024-08-19,22
2024-08-20,22
2024-08-21,22
2024-08-23,22
2024-08-26,18
2024-08-27,20
2024-08-28,20
2024-08-29,18
2024-08-30,18
2024-08-31,20
2024-09-01,18
2024-09-02,18
2024-09-03,18
2024-09-04,20
2024-09-05,22
2024-09-06,27
2024-09-07,27
2024-09-08,29
2024-09-09,29
2024-09-10,24
2024-09-11,31
2024-09-12,33
2024-09-13,31
2024-09-14,31
2024-09-15,33
2024-09-16,37
2024-09-17,33
2024-09-18,29
2024-09-19,35
2024-09-20,45
2024-09-21,47
2024-09-22,33
2024-09-23,39
2024-09-24,35
2024-09-25,31
2024-09-26,37
2024-09-27,39
2024-09-28,39
2024-09-29,39
2024-09-30,37
2024-10-01,41
2024-10-02,37
2024-10-03,35
2024-10-04,33
2024-10-05,35
2024-10-06,37
2024-10-07,37
2024-10-08,33
2024-10-09,29
2024-10-10,35
2024-10-11,29
2024-10-12,33
2024-10-13,37
2024-10-14,31
2024-10-15,22
2024-10-16,24
2024-10-17,24
2024-10-18,24
2024-10-19,27
2024-10-20,33
2024-10-21,29
2024-10-22,29
2024-10-23,35
2024-10-24,33
2024-10-25,35
2024-10-26,31
2024-10-27,35
2024-10-28,29
2024-10-29,29
2024-11-01,33
2024-11-02,29
2024-11-03,31
2024-11-04,27
2024-11-05,31
2024-11-06,35
2024-11-07,33
2024-11-08,39
2024-11-09,43
2024-11-10,41
2024-11-11,37
2024-11-12,39
2024-11-13,35
2024-11-14,37
2024-11-15,41
2024-11-16,43
2024-11-17,43
2024-11-18,43
2024-11-19,41
2024-11-20,35
2024-11-21,33
2024-11-22,37
2024-11-23,49
2024-11-24,47
2024-11-25,55
2024-11-26,57
2024-11-27,63
2024-11-28,63
2024-11-29,65
2024-11-30,71
2024-12-01,71
2024-12-02,78
2024-12-03,84
2024-12-04,88
2024-12-05,86
2024-12-06,86
2024-12-07,86
2024-12-08,82
2024-12-09,65
2024-12-10,65
2024-12-11,67
2024-12-12,69
2024-12-13,67
2024-12-14,67
2024-12-15,65
2024-12-16,65
2024-12-17,65
2024-12-18,57
2024-12-19,51
2024-12-20,47
2024-12-21,47
2024-12-22,49
2024-12-23,53
2024-12-24,49
2024-12-25,49
2024-12-26,43
2024-12-27,47
2024-12-28,49
2024-12-29,47
2024-12-30,49
2024-12-31,49
2025-01-01,47
2025-01-02,47
2025-01-03,53
2025-01-04,55
2025-01-05,55
2025-01-06,59
2025-01-07,49
2025-01-08,41
2025-01-09,51
2025-01-10,51
2025-01-11,49
2025-01-12,51
2025-01-13,45
2025-01-14,49
2025-01-15,49
2025-01-16,53
2025-01-17,55
2025-01-18,53
2025-01-19,51
2025-01-20,51
2025-01-21,47
2025-01-22,55
2025-01-23,47
2025-01-24,51
2025-01-25,53
2025-01-26,53
2025-01-27,47
2025-01-30,47
2025-01-31,61
2025-02-01,59
2025-02-02,49
2025-02-03,47
2025-02-04,47
2025-02-05,49
2025-02-06,45
2025-02-07,39
2025-02-08,41
2025-02-09,45
2025-02-10,43
2025-02-11,45
2025-02-12,45
2025-02-13,47
2025-02-14,45
2025-02-15,49
2025-02-16,45
2025-02-17,45
2025-02-18,45
2025-02-19,43
2025-02-20,39
2025-02-21,35
2025-02-22,37
2025-02-23,35
2025-02-24,29
2025-02-25,29
2025-02-26,27
2025-02-27,31
2025-02-28,33
2025-03-01,31
2025-03-02,24
2025-03-03,24
2025-03-04,24
2025-03-05,22
2025-03-06,24
2025-03-07,20
2025-03-08,22
2025-03-09,24
2025-03-10,22
2025-03-11,20
2025-03-12,18
2025-03-13,22
2025-03-14,20
2025-03-15,20
2025-03-16,22
2025-03-17,27
2025-03-18,29
2025-03-19,31
2025-03-20,31
2025-03-21,27
2025-03-22,29
2025-03-23,24
2025-03-24,27
2025-03-25,22
2025-03-26,18
2025-03-27,22
2025-03-28,20
2025-03-29,20
2025-03-30,22
2025-03-31,22
2025-04-01,20
2025-04-02,20
